date,nikkei_close,sq_up_pressure,sq_down_risk,up_down_gap,p_up,signal,days_to_sq,days_after_sq,sector_abs_share,zscore_window,basis_included
2024-08-20,38062.921875,0.0,0.0,0.0,0.4875026035157896,NEUTRAL,518,,0.23378341286305288,252,False
2024-08-21,37951.80078125,0.0,0.0,0.0,0.4875026035157896,NEUTRAL,517,,0.6733919337691663,252,False
2024-08-22,38211.01171875,0.0,0.0,0.0,0.4875026035157896,NEUTRAL,516,,0.33632352137104504,252,False
2024-08-23,38364.26953125,0.0,0.0,0.0,0.4875026035157896,NEUTRAL,515,,0.4920402503043922,252,False
2024-08-26,38110.21875,0.0,0.0,0.0,0.4875026035157896,NEUTRAL,514,,0.46787826309419556,252,False
2024-08-27,38288.62109375,0.0,0.0,0.0,0.4875026035157896,NEUTRAL,513,,0.6467123315848562,252,False
2024-08-28,38371.76171875,0.0,0.0,0.0,0.4875026035157896,NEUTRAL,512,,0.573781653442271,252,False
2024-08-29,38362.53125,0.0,0.0,0.0,0.4875026035157896,NEUTRAL,511,,0.5954531439313682,252,False
2024-08-30,38647.75,0.0,0.0,0.0,0.4875026035157896,NEUTRAL,510,,0.6478304473819695,252,False
2024-09-02,38700.87109375,0.0,0.0,0.0,0.4875026035157896,NEUTRAL,509,,0.6773127846511948,252,False
2024-09-03,38686.30859375,0.0,0.0,0.0,0.4875026035157896,NEUTRAL,508,,0.7441848503941058,252,False
2024-09-04,37047.609375,0.0,0.0,0.0,0.4875026035157896,NEUTRAL,507,,0.611334770515637,252,False
2024-09-05,36657.08984375,0.0,0.0,0.0,0.4875026035157896,NEUTRAL,506,,0.3527933510093433,252,False
2024-09-06,36391.46875,0.0,0.0,0.0,0.4875026035157896,NEUTRAL,505,,0.5581617590643552,252,False
2024-09-09,36215.75,0.0,0.0,0.0,0.4875026035157896,NEUTRAL,504,,0.7258568705280541,252,False
2024-09-10,36159.16015625,0.0,0.0,0.0,0.4875026035157896,NEUTRAL,503,,0.5086823881008539,252,False
2024-09-11,35619.76953125,0.0,0.0,0.0,0.4875026035157896,NEUTRAL,502,,0.2719067153401018,252,False
2024-09-12,36833.26953125,0.0,0.0,0.0,0.4875026035157896,NEUTRAL,501,,0.43581236900464543,252,False
2024-09-13,36581.76171875,0.0,0.0,0.0,0.4875026035157896,NEUTRAL,500,,0.38998654036501107,252,False
2024-09-17,36203.21875,-0.49052992902538617,-1.3620277549589104,0.8714978259335242,0.6030925652237477,UP_BIAS,498,,0.7789466557207783,252,False
2024-09-18,36380.171875,0.9469183292108648,0.3795468550894713,0.5673714741213935,0.6243785836030812,UP_BIAS,497,,0.3908525533688808,252,False
2024-09-19,37155.328125,-0.11934261486025521,-1.66316899047773,1.5438263756174748,0.7169979055932009,UP_BIAS,496,,0.3881266779745321,252,False
2024-09-20,37723.91015625,0.9085164456192909,-0.011537261630125473,0.9200537072494164,0.6747478194899629,UP_BIAS,495,,0.39754155058096524,252,False
2024-09-24,37940.58984375,0.04125992801619727,-1.1220779282204276,1.163337856236625,0.6713774328850431,UP_BIAS,493,,0.5472142810538256,252,False
2024-09-25,37870.26171875,0.6457851861232892,-0.4004167877088123,1.0462019738321016,0.6811774833882231,UP_BIAS,492,,0.25402050968807915,252,False
2024-09-26,38925.62890625,0.7220939554609938,-0.5692901523436081,1.291384107804602,0.7178493259431511,UP_BIAS,491,,0.6500244760640401,252,False
2024-09-27,39829.55859375,1.0047036832739211,-0.2549945762152622,1.2596982594891832,0.7250685892866156,UP_BIAS,490,,0.5364417543672316,252,False
2024-09-30,37919.55078125,-0.33267159524966505,-0.6229144742824065,0.2902428790327415,0.5180230760442976,NEUTRAL,489,,0.5607479899853821,252,False
2024-10-01,38651.96875,0.04781768116658097,-0.5283023688794753,0.5761200500460564,0.582742426606177,UP_WATCH,488,,0.439431255226933,252,False
2024-10-02,37808.76171875,0.27280554072253105,0.2862176903776995,-0.01341214965516846,0.4989608042135076,NEUTRAL,487,,0.44496862875708304,252,False
2024-10-03,38552.05859375,0.2501991993558854,0.2609062026692287,-0.010707003313343288,0.4982700788321046,NEUTRAL,486,,0.4982552927384318,252,False
2024-10-04,38635.62109375,-0.08283850306700641,0.3432650054919597,-0.4261035085589661,0.41495104424682283,DOWN_WATCH,485,,0.40305323498034984,252,False
2024-10-07,39332.73828125,0.14218727738960601,-0.41973785282539877,0.5619251302150048,0.5850862949498564,UP_WATCH,484,,0.44239554042101986,252,False
2024-10-08,38937.5390625,0.08108916844928246,0.06467279455911219,0.01641637389017027,0.4942223763501931,NEUTRAL,483,,0.4150803535703598,252,False
2024-10-09,39277.9609375,0.6239029481160201,-0.08145675746843845,0.7053597055844585,0.6302441586749817,UP_BIAS,482,,0.5638684566211047,252,False
2024-10-10,39380.890625,0.27782072827869975,0.029932278077939217,0.24788845020076053,0.5415766829616732,NEUTRAL,481,,0.37652201344457104,252,False
2024-10-11,39605.80078125,0.83176622937242,0.32463688956718256,0.5071293398052374,0.6096847600850532,UP_BIAS,480,,0.10895199292368814,252,False
2024-10-15,39910.55078125,0.6185649693751439,0.15592761382220344,0.4626373555529405,0.5925283294118624,UP_WATCH,478,,0.5291669187488657,252,False
2024-10-16,39180.30078125,0.2546865086393585,0.044095642573735425,0.21059086606562305,0.5344009054101286,NEUTRAL,477,,0.853012045835232,252,False
2024-10-17,38911.19140625,0.06954812797424302,0.27164063859684456,-0.20209251062260153,0.45823491778056424,NEUTRAL,476,,0.5413020630365727,252,False
2024-10-18,38981.75,0.22890391903038576,0.31492406659234273,-0.08602014756195697,0.4849714501712815,NEUTRAL,475,,0.6209957784951577,252,False
2024-10-21,38954.6015625,-0.1938566631283822,0.1864210576067441,-0.38027772073512633,0.41679315474013445,NEUTRAL,474,,0.6005197864522654,252,False
2024-10-22,38411.9609375,-0.10814776469231052,0.77211040254278,-0.8802581672350904,0.344388645782086,DOWN_BIAS,473,,0.28106850331255545,252,False
2024-10-23,38104.859375,-0.0992105779944214,0.5833508266483618,-0.6825614046427833,0.37437175668636896,DOWN_BIAS,472,,0.42784877060015863,252,False
2024-10-24,38143.2890625,-0.3746166387958021,-0.010539345189274296,-0.3640772936065278,0.41057870279714304,NEUTRAL,471,,0.44330934988374443,252,False
2024-10-25,37913.921875,-0.0597779312923819,0.7070417541589725,-0.7668196854513545,0.36345760042688596,DOWN_BIAS,470,,0.4260771117728796,252,False
2024-10-28,38605.53125,-0.317079873687316,-0.019400352692080652,-0.2976795209952353,0.4238697220577626,NEUTRAL,469,,0.5590562636586798,252,False
2024-10-29,38903.6796875,-0.4114219201496922,-0.6724559886400472,0.261034068490355,0.5093458514768654,NEUTRAL,468,,0.6167969633369256,252,False
2024-10-30,39277.390625,0.22802551598763288,-0.5957184653938478,0.8237439813814806,0.6297253375754466,UP_BIAS,467,,0.7831861510379359,252,False
2024-10-31,39081.25,0.49175284365983424,-0.027518856009667386,0.5192716996695016,0.5952898200304493,UP_WATCH,466,,0.46800620707257246,252,False
2024-11-01,38053.671875,0.012424878329156296,-0.02494127338223277,0.037366151711389066,0.49419350461501343,NEUTRAL,465,,0.5803221310044873,252,False
2024-11-05,38474.8984375,0.21155840748664145,0.3609740287932557,-0.14941562130661423,0.4738218410472472,NEUTRAL,463,,0.44532233933190984,252,False
2024-11-06,39480.671875,-0.06541986555849585,-0.47351924681956775,0.4080993812610719,0.5503736792058934,UP_WATCH,462,,0.5143252155228416,252,False
2024-11-07,39381.41015625,-0.3158004435066175,-0.020922376224298184,-0.29487806728231936,0.424376972877373,NEUTRAL,461,,0.35928405824450155,252,False
2024-11-08,39500.37109375,-0.20397227476634774,-0.1297042722222763,-0.07426800254407145,0.465288761034874,NEUTRAL,460,,0.27555877303457676,252,False
2024-11-11,39533.3203125,0.36263329574494546,-0.18330814632828696,0.5459414420732325,0.5932431100835843,UP_WATCH,459,,0.3162880861901987,252,False
2024-11-12,39376.08984375,-0.12182275569519832,-0.34680430954692065,0.22498155385172233,0.5179606336371497,NEUTRAL,458,,0.6217499755414923,252,False
2024-11-13,38721.66015625,-0.4893316895162051,0.11246074943335235,-0.6017924389495575,0.3684129266606854,DOWN_BIAS,457,,0.39184689753251717,252,False
2024-11-14,38535.69921875,-0.09851105726691417,0.39104008480001834,-0.4895511420669325,0.4042204174498099,DOWN_WATCH,456,,0.6458828590187689,252,False
2024-11-15,38642.91015625,-0.13961563125746912,0.1436552768536879,-0.283270908111157,0.4348600322757598,NEUTRAL,455,,0.5748442733707182,252,False
2024-11-18,38220.8515625,-0.18454546272477437,0.4212362101905289,-0.6057816729153033,0.382094592784864,DOWN_BIAS,454,,0.2641357554661155,252,False
2024-11-19,38414.4296875,-0.6868264136910515,-0.40409616373546714,-0.2827302499555843,0.40826559936042955,NEUTRAL,453,,0.48356322537522034,252,False
2024-11-20,38352.33984375,-0.5646086152462664,-0.6119611471056702,0.0473525318594038,0.467012343306682,NEUTRAL,452,,0.5531856043447425,252,False
2024-11-21,38026.171875,0.08528053978575081,0.3387652768810398,-0.25348473709528896,0.4507331347973201,NEUTRAL,451,,0.15592395879966955,252,False
2024-11-22,38283.8515625,-0.14248509212971253,0.1727358865509507,-0.31522097868066323,0.4296227086884272,NEUTRAL,450,,0.31768562426402724,252,False
2024-11-25,38780.140625,0.27485882754103474,-0.029451123472274576,0.3043099510133093,0.5505203233140012,NEUTRAL,449,,0.26128895334356755,252,False
2024-11-26,38442.0,0.2805288271920081,0.16122000352490096,0.11930882366710716,0.5209019366000458,NEUTRAL,448,,0.5846383062144678,252,False
2024-11-27,38134.96875,-0.11456684584290483,-0.2758456859946566,0.16127884015175176,0.5079787918772529,NEUTRAL,447,,0.5233768576606217,252,False
2024-11-28,38349.05859375,0.11125662574451296,-0.32823218732815707,0.43948881307267,0.5641246804672562,UP_WATCH,446,,0.8468137011825582,252,False
2024-11-29,38208.03125,0.22058988385365463,0.1345271987696674,0.08606268508398723,0.5125120678207673,NEUTRAL,445,,0.8145799660159974,252,False
2024-12-02,38513.01953125,-0.38425026406682905,-0.16045203843470474,-0.22379822563212431,0.43233789740613177,NEUTRAL,444,,0.4153763127465466,252,False
2024-12-03,39248.859375,0.19341137794956836,-0.1810273709234269,0.3744387488729953,0.5577578839110506,NEUTRAL,443,,0.5510371330654095,252,False
2024-12-04,39276.390625,0.6851000866090067,0.2190397144683746,0.46606037214063206,0.596272891743307,UP_WATCH,442,,0.20433971741239743,252,False
2024-12-05,39395.6015625,0.17443113001434418,-0.4448653994793665,0.6192965294937107,0.5956636232990451,UP_WATCH,441,,0.48128036346234837,252,False
2024-12-06,39091.171875,0.2608373205935745,-0.10977600581800115,0.3706133264115756,0.5604691089825538,NEUTRAL,440,,0.7128679086633172,252,False
2024-12-09,39160.5,0.3192020268223225,-0.09329575130411513,0.4124977781264376,0.5700276492689221,UP_WATCH,439,,0.4086307512268918,252,False
2024-12-10,39367.578125,0.03552299334117736,-0.057026267102269476,0.09254926044344683,0.5043152973395759,NEUTRAL,438,,0.7519666147931912,252,False
2024-12-11,39372.23046875,-0.0406445285606149,0.12241350901089547,-0.16305803757151038,0.4590626859621742,NEUTRAL,437,,0.6815779908313477,252,False
2024-12-12,39849.140625,-0.2028675888281501,-0.264483822833975,0.06161623400582489,0.48737194463660455,NEUTRAL,436,,0.4579002498797084,252,False
2024-12-13,39470.44140625,0.2598452421394641,0.3580443267546708,-0.09819908461520671,0.48453984066335987,NEUTRAL,435,,0.39596059100480485,252,False
2024-12-16,39457.48828125,0.09125067333755238,0.1743790773394368,-0.08312840400188443,0.47856730960817984,NEUTRAL,434,,0.4275621521513042,252,False
2024-12-17,39364.6796875,-0.012787267274176034,0.23748516508660195,-0.250272432360778,0.4463981363532259,NEUTRAL,433,,0.4708347680653253,252,False
2024-12-18,39081.7109375,-0.14542121671513325,-0.0005107214772969298,-0.14491049523783633,0.45678904557420114,NEUTRAL,432,,0.40979597017820774,252,False
2024-12-19,38813.578125,-0.6026381615905043,-0.21254621461994827,-0.39009194697055605,0.3955390866201687,DOWN_BIAS,431,,0.5589883189049427,252,False
2024-12-20,38701.8984375,-0.14470158359578397,0.19111653502110917,-0.33581811861689315,0.42623670546563647,NEUTRAL,430,,0.7260230915910566,252,False
2024-12-23,39161.33984375,-0.4505429680595374,-0.5221458932893654,0.07160292522982803,0.4766253776600709,NEUTRAL,429,,0.5466738660907127,252,False
2024-12-24,39036.8515625,-0.5868372999602511,-0.5449498431969773,-0.04188745676327388,0.4515043585967074,NEUTRAL,428,,0.30186717642514715,252,False
2024-12-25,39130.4296875,-0.6921679918222147,-0.8320838689056078,0.13991587708339315,0.47564721471422555,NEUTRAL,427,,0.3225473048179361,252,False
2024-12-26,39568.05859375,-0.512301113382673,-0.9413953725865449,0.4290942592038719,0.5315707050436315,UP_WATCH,426,,0.3628917644093974,252,False
2024-12-27,40281.16015625,0.29488947646466,-0.5475506774833216,0.8424401539479817,0.6356571429672245,UP_BIAS,425,,0.353483845854418,252,False
2024-12-30,39894.5390625,0.3235930846537786,0.15575585183166052,0.1678372328221181,0.5309137233652496,NEUTRAL,424,,0.386069997546815,252,False
2025-01-06,39307.05078125,-0.2195686960470655,-0.26430615739439317,0.04473746134732767,0.4837970780148951,NEUTRAL,419,,0.13760772114806027,252,False
2025-01-07,40083.30078125,0.4771778412601406,-0.10625522310747426,0.5834330643676149,0.6045994952228775,UP_BIAS,418,,0.7865946001596814,252,False
2025-01-08,39981.05859375,0.4694275963828619,-0.1612805698826996,0.6307081662655615,0.6115532238311019,UP_BIAS,417,,0.7379640121558473,252,False
2025-01-09,39605.08984375,0.14943316602077472,0.09736451530239294,0.05206865071838178,0.503432760106447,NEUTRAL,416,,0.5302435788584657,252,False
2025-01-10,39190.3984375,0.09548636189019431,0.2369098821549647,-0.1414235202647704,0.4693315435649325,NEUTRAL,415,,0.16012466008325318,252,False
2025-01-14,38474.30078125,-0.22952934047295376,0.31895837371628194,-0.5484877141892357,0.3887848587337724,DOWN_BIAS,413,,0.6804611959779288,252,False
2025-01-15,38444.578125,-0.6570612461327712,0.5591246294441405,-1.2161858755769117,0.274495368403157,DOWN_BIAS,412,,0.47409177284514153,252,False
2025-01-16,38572.6015625,-0.7137232465290332,0.5305698437333286,-1.244293090262362,0.2686396980763896,DOWN_BIAS,411,,0.692226923835756,252,False
2025-01-17,38451.4609375,-0.6899315523473509,0.4871634138833835,-1.1770949662307344,0.27826220840757737,DOWN_BIAS,410,,0.2729454364017864,252,False
2025-01-20,38902.5,-0.4546703346140336,-0.01696123219469553,-0.4377091024193381,0.39521455036887154,DOWN_BIAS,409,,0.3077388861789985,252,False
2025-01-21,39027.98046875,0.42997953302257963,0.040849843675362874,0.38912968934721676,0.5717342091761178,NEUTRAL,408,,0.6962690453494877,252,False
2025-01-22,39646.25,0.5915278581354173,-0.43962185650598284,1.0311497146414002,0.6766793312644787,UP_BIAS,407,,0.8335984787880325,252,False
2025-01-23,39958.87109375,0.5510181403907031,-0.3785065021786539,0.929524642569357,0.6602468926241012,UP_BIAS,406,,0.5192768411712512,252,False
2025-01-24,39931.98046875,0.5603082282365203,-0.14960885105654625,0.7099170792930665,0.6279676284231642,UP_BIAS,405,,0.8372006104587785,252,False
2025-01-27,39565.80078125,-0.12099605051756909,-0.5144605110307888,0.3934644605132197,0.5452639104799033,NEUTRAL,404,,0.692344078324192,252,False
2025-01-28,39016.87109375,-0.32051513705285184,0.05411582682922589,-0.3746309638820777,0.4115374766140744,NEUTRAL,403,,0.7569724433338607,252,False
2025-01-29,39414.78125,-0.3258435438905133,0.33245875584953694,-0.6583022997400503,0.3674748263172029,DOWN_BIAS,402,,0.39566558163440124,252,False
2025-01-30,39513.96875,-0.23679243508057285,0.3590111161113825,-0.5958035511919553,0.38115922822944703,DOWN_BIAS,401,,0.5035005324457031,252,False
2025-01-31,39572.48828125,-0.2479107018973975,0.025206372988273815,-0.27311707488567133,0.43116287189543684,NEUTRAL,400,,0.6269437816727994,252,False
2025-02-03,38520.08984375,-0.17668502473509917,0.5088112244095928,-0.685496249144692,0.3703047709922072,DOWN_BIAS,399,,0.3368007889469869,252,False
2025-02-04,38798.37109375,-0.12781511453759825,0.04368503751766507,-0.1715001520552633,0.453376311096246,NEUTRAL,398,,0.4035666059416267,252,False
2025-02-05,38831.48046875,-0.6675028620623938,-0.3734816673575089,-0.29402119470488497,0.40742650450591317,NEUTRAL,397,,0.5036016686316174,252,False
2025-02-06,39066.53125,-0.16739129792258967,0.1767069155529804,-0.34409821347557007,0.42381247308260606,NEUTRAL,396,,0.3676885183600974,252,False
2025-02-07,38787.01953125,-0.2728832302735072,0.2757437958263867,-0.5486270260998939,0.38670493324125305,DOWN_BIAS,395,,0.6575640360620384,252,False
2025-02-10,38801.171875,-0.2406821041186802,-0.3465468581887913,0.10586475407011106,0.4926694426284541,NEUTRAL,394,,0.2690199575659194,252,False
2025-02-12,38963.69921875,0.25408795302922366,0.23059526614412793,0.02349268688509573,0.5040218725260782,NEUTRAL,392,,0.4178107594759576,252,False
2025-02-13,39461.46875,0.1385422917252909,-0.34469215998828345,0.4832344517135744,0.57243940156106,UP_WATCH,391,,0.22986121744456353,252,False
2025-02-14,39149.4296875,-0.07185862591421782,-0.06017853663462058,-0.011680089279597239,0.4820168144491734,NEUTRAL,390,,0.34149394004895056,252,False
2025-02-17,39174.25,-0.01267401120735416,-0.26895770780671624,0.25628369659936207,0.5284815344787531,NEUTRAL,389,,0.6911190678487058,252,False
2025-02-18,39270.3984375,0.1558284892103608,-0.05882760524649067,0.21465609445685147,0.5301364665402849,NEUTRAL,388,,0.4283121959460033,252,False
2025-02-19,39164.609375,0.11435472658764705,0.11112659276633688,0.003228133821310167,0.49374263477905234,NEUTRAL,387,,0.32722363591234804,252,False
2025-02-20,38678.0390625,-0.16081698026447702,0.42957079699046175,-0.5903877772549387,0.3855834560080584,DOWN_BIAS,386,,0.4866347503059198,252,False
2025-02-21,38776.94140625,-0.10689791261958893,0.3090698157398353,-0.4159677283594242,0.4153823540009276,DOWN_WATCH,385,,0.37323649717128665,252,False
2025-02-25,38237.7890625,-0.6552951839215373,0.4730066320537182,-1.1283018159752554,0.28608902784230855,DOWN_BIAS,383,,0.5483444567603506,252,False
2025-02-26,38142.37109375,-0.6036442816886899,0.6447283327184825,-1.2483726144071725,0.2724612112215721,DOWN_BIAS,382,,0.6151263742798345,252,False
2025-02-27,38256.171875,-0.9533221714797449,-0.023339732518306455,-0.9299824389614384,0.3004506096853852,DOWN_BIAS,381,,0.7019285298628999,252,False
2025-02-28,37155.5,-0.815896969322606,0.6646881566130712,-1.4805851259356773,0.23585150839837013,DOWN_BIAS,380,,0.6838823864207315,252,False
2025-03-03,37785.46875,-0.7571933563566001,0.1642578481662132,-0.9214512045228134,0.3099438210921071,DOWN_BIAS,379,,0.21221855595937814,252,False
2025-03-04,37331.1796875,-0.33667615755990626,0.34248555471736647,-0.6791617122772727,0.363827396834171,DOWN_BIAS,378,,0.5171463284984413,252,False
2025-03-05,37418.23828125,-0.221603007982024,0.33389887064405877,-0.5555018786260828,0.38807839191652266,DOWN_BIAS,377,,0.5684971624584454,252,False
2025-03-06,37704.9296875,-0.38879726788658,0.059844685206486725,-0.4486419530930667,0.3966659044415516,DOWN_BIAS,376,,0.38384568872427305,252,False
2025-03-07,36887.171875,-0.18663298941224704,0.055393542515493235,-0.24202653192774026,0.43914226778085513,NEUTRAL,375,,0.2809922818494999,252,False
2025-03-10,37028.26953125,-0.15506096468151317,0.4272046811341541,-0.5822656458156673,0.3871080358552783,DOWN_BIAS,374,,0.6565946111155271,252,False
2025-03-11,36793.109375,-0.49134487164729157,-0.3585948295146728,-0.13275004213261876,0.44162824818543855,NEUTRAL,373,,0.3399273540115219,252,False
2025-03-12,36819.08984375,-0.46111873896812816,-0.15410437801011578,-0.3070143609580124,0.41537641015355975,NEUTRAL,372,,0.8298752086083643,252,False
2025-03-13,36790.03125,-0.11856307120600462,0.23965464979414408,-0.3582177210001487,0.42395605800498204,NEUTRAL,371,,0.688240795953344,252,False
2025-03-14,37053.1015625,0.06568169656491243,-0.30368317956238733,0.36936487612729973,0.5506317403212243,NEUTRAL,370,,0.8056567943117293,252,False
2025-03-17,37396.51953125,0.011285037999395273,-0.22093931591629196,0.23222435391568724,0.5257778338703979,NEUTRAL,369,,0.5443838374293505,252,False
2025-03-18,37845.421875,0.1037260835554076,-0.37172189924686133,0.47544798280226896,0.5694938576321864,UP_WATCH,368,,0.4213887593768229,252,False
2025-03-19,37751.87890625,-0.005394720850431606,-0.2923143962067325,0.2869196753563009,0.5338030695180451,NEUTRAL,367,,0.6752804271759192,252,False
2025-03-21,37677.05859375,-0.21230701435813407,-0.3530872597708914,0.14078024541275733,0.49976143917976873,NEUTRAL,365,,0.4666068559744623,252,False
2025-03-24,37608.48828125,-0.3580227397134318,-0.2530917600317498,-0.10493097968168197,0.4526895342693862,NEUTRAL,364,,0.6025421334682347,252,False
2025-03-25,37780.5390625,-0.06058313416820174,-0.023977061958781867,-0.036606072209419874,0.47853555668748265,NEUTRAL,363,,0.6152223878044635,252,False
2025-03-26,38027.2890625,0.00786168781026974,0.05681323926808567,-0.048951551457815934,0.4799492157891169,NEUTRAL,362,,0.4278398958304114,252,False
2025-03-27,37799.96875,-0.09041837904630716,-0.1594454146854852,0.06902703563917804,0.49419623501640325,NEUTRAL,361,,0.7196410388330056,252,False
2025-03-28,37120.328125,-0.12066612218341727,0.17564934378211866,-0.29631546596553593,0.43370801776124934,NEUTRAL,360,,0.47430740023298756,252,False
2025-03-31,35617.55859375,-0.5316205868434201,0.617867519927279,-1.149488106770699,0.28833354508895276,DOWN_BIAS,359,,0.5015241926005388,252,False
2025-04-01,35624.48046875,-0.5294686076237264,0.6682512659225688,-1.197719873546295,0.282030546286919,DOWN_BIAS,358,,0.43610945429087783,252,False
2025-04-02,35725.87109375,-0.3240549445991584,0.7305929478417891,-1.0546478924409475,0.30995447987930663,DOWN_BIAS,357,,0.2084406548658504,252,False
2025-04-03,34735.9296875,-0.6602897073177522,0.5869633457822714,-1.2472530531000237,0.2703648195396834,DOWN_BIAS,356,,0.5127949852354723,252,False
2025-04-04,33780.578125,-0.6461679653369665,0.6368412571451691,-1.2830092224821357,0.26635610743528987,DOWN_BIAS,355,,0.5988390287944123,252,False
2025-04-07,31136.580078125,-0.8839897361993991,1.0280513805015932,-1.9120411167009923,0.18699966851148403,DOWN_BIAS,354,,0.43160398297283786,252,False
2025-04-08,33012.578125,-0.769615045327351,-0.04214216898526696,-0.7274728763420841,0.33698026711414647,DOWN_BIAS,353,,0.45842315619634505,252,False
2025-04-09,31714.029296875,-0.9948887540383957,0.8749608045267103,-1.869849558565106,0.18779833506751306,DOWN_BIAS,352,,0.531306517211256,252,False
2025-04-10,34609.0,-0.0448733195900901,-0.29274178545500673,0.24786846586491662,0.5255127833039499,NEUTRAL,351,,0.4031480399220518,252,False
2025-04-11,33585.578125,0.30620758837718554,0.1071375789223466,0.19907000945483894,0.5351014197684782,NEUTRAL,350,,0.16768736383462776,252,False
2025-04-14,33982.359375,1.18858827743742,-0.9283415408198981,2.1169298182573177,0.8268867925226959,UP_BIAS,349,,0.6612781077648651,252,False
2025-04-15,34267.5390625,0.5042689562849219,-0.4846592078886997,0.9889281641736216,0.6667799720147929,UP_BIAS,348,,0.1737876239856538,252,False
2025-04-16,33920.3984375,0.9386626863781878,-0.4134561016329389,1.3521187880111267,0.7343116939091939,UP_BIAS,347,,0.6490766770713933,252,False
2025-04-17,34377.6015625,-0.2520232492780218,-0.14039769075505987,-0.11162555852296191,0.45686715942942646,NEUTRAL,346,,0.5506988206207447,252,False
2025-04-18,34730.28125,0.3840163848210402,-0.09713402746164368,0.4811504122826839,0.5840814622652095,UP_WATCH,345,,0.16873398940080736,252,False
2025-04-21,34279.921875,0.1339156166417961,0.030408430557307554,0.10350718608448856,0.5110139166411617,NEUTRAL,344,,0.11351790175804641,252,False
2025-04-22,34220.6015625,-0.15089782928279455,0.012662921214948164,-0.1635607504977427,0.45351114885116806,NEUTRAL,343,,0.4909473076783796,252,False
2025-04-23,34868.62890625,-0.16060886958962603,-0.7090669008277709,0.5484580312381448,0.5681668763973776,UP_WATCH,342,,0.3967866085272291,252,False
2025-04-24,35039.1484375,-0.14549542917994795,-0.610393767168067,0.4648983379881191,0.555541057370507,UP_WATCH,341,,0.5476334229833324,252,False
2025-04-25,35705.73828125,0.13133684606885673,-0.42024696344215495,0.5515838095110117,0.5829260634221944,UP_WATCH,340,,0.6211076821356817,252,False
2025-04-28,35839.98828125,0.508161020959545,-0.2795607915857691,0.787721812545314,0.6372969780291463,UP_BIAS,339,,0.3545363482498642,252,False
2025-04-30,36045.37890625,0.4948713066684011,-0.3577738720493805,0.8526451787177816,0.646386617526662,UP_BIAS,337,,0.2084580375200464,252,False
2025-05-01,36452.30078125,0.4845717058438421,-0.3411371555168586,0.8257088613607007,0.6419011147817316,UP_BIAS,336,,0.6555600295282197,252,False
2025-05-02,36830.69140625,0.7070428280468415,-0.12094563720739304,0.8279884652542345,0.6523990000766414,UP_BIAS,335,,0.19000734047025017,252,False
2025-05-07,36779.66015625,0.014415841457300543,-0.4953314176389844,0.5097472590962849,0.5705802353013083,UP_WATCH,332,,0.3924774838705174,252,False
2025-05-08,36928.62890625,0.45467524285539485,-0.13193822400553504,0.5866134668609299,0.6040176553152136,UP_BIAS,331,,0.7873981363008117,252,False
2025-05-09,37503.328125,0.40771902338210647,-0.5739577238822456,0.9816767472643522,0.661421131503065,UP_BIAS,330,,0.21565278211776745,252,False
2025-05-12,37644.26171875,0.48679839187293894,-0.4755354413254128,0.9623338331983518,0.6621469941668852,UP_BIAS,329,,0.7162378210912761,252,False
2025-05-13,38183.26171875,0.5634992302669277,-0.5745248884030402,1.1380241186699678,0.6904909477085643,UP_BIAS,328,,0.3640936740369944,252,False
2025-05-14,38128.12890625,0.9461845576446752,-0.44359254323202957,1.3897771008767048,0.7393498297380157,UP_BIAS,327,,0.6839786016176008,252,False
2025-05-15,37755.51171875,0.5973461556652833,-0.19500320243660416,0.7923493581018874,0.6421013505484933,UP_BIAS,326,,0.39687644534317146,252,False
2025-05-16,37753.71875,0.36334861228020493,-0.09602707594981907,0.459375688230024,0.5796322481702808,UP_WATCH,325,,0.45601800641515855,252,False
2025-05-19,37498.62890625,0.02285748077517416,0.027848713640321453,-0.004991232865147292,0.4878342003775013,NEUTRAL,324,,0.5213367418253078,252,False
2025-05-20,37529.48828125,-0.023251220335578915,0.3659155064080636,-0.3891667267436425,0.42369855552958235,NEUTRAL,323,,0.38992795362482946,252,False
2025-05-21,37298.98046875,-0.18969852453959501,0.7237158943154713,-0.9134144188550664,0.33589111441088504,DOWN_BIAS,322,,0.4132890478914608,252,False
2025-05-22,36985.87109375,-0.28512780746309807,0.5004606337784612,-0.7855884412415592,0.3503142789847287,DOWN_BIAS,321,,0.4677440865498036,252,False
2025-05-23,37160.46875,-0.5242950561151811,0.042903616816777596,-0.5671986729319587,0.3720252690895157,DOWN_BIAS,320,,0.1550854069253726,252,False
2025-05-26,37531.53125,0.012188974967758101,0.19752118654809853,-0.1853322115803404,0.4580915197717019,NEUTRAL,319,,0.782339414378128,252,False
2025-05-27,37724.109375,-0.24460617447274927,-0.1399917661508931,-0.10461440832185617,0.45836647286377413,NEUTRAL,318,,0.4933237695872876,252,False
2025-05-28,37722.3984375,0.20142255356251967,0.11713858948612019,0.08428396407639949,0.5112653650330546,NEUTRAL,317,,0.6951735358022323,252,False
2025-05-29,38432.98046875,0.4697586626003281,-0.41169927280703633,0.8814579354073644,0.649513035317714,UP_BIAS,316,,0.44082622577266695,252,False
2025-05-30,37965.1015625,0.3200603989240447,-0.05422827858775631,0.374288677511801,0.5639723877377816,NEUTRAL,315,,0.7618710966919746,252,False
2025-06-02,37470.671875,-0.22326605413282857,-0.1315468481010504,-0.09171920603177816,0.46150863548304627,NEUTRAL,314,,0.48511641946630224,252,False
2025-06-03,37446.80859375,0.07651199705339279,0.18996621782600126,-0.11345422077260847,0.4729158259293991,NEUTRAL,313,,0.3869569088928922,252,False
2025-06-04,37747.44921875,0.13629075281638015,0.00040629767725439137,0.13588445513912575,0.51638988742747,NEUTRAL,312,,0.2780434224687471,252,False
2025-06-05,37554.48828125,0.01204841433905518,0.44110142657951623,-0.42905301224046105,0.4190986110836628,DOWN_WATCH,311,,0.6417342671211232,252,False
2025-06-06,37741.609375,0.12213497672223614,0.07408577163141136,0.048049205090824776,0.5014147408878964,NEUTRAL,310,,0.5764306509774502,252,False
2025-06-09,38088.5703125,0.3218135892979144,-0.3103034370045739,0.6321170263024883,0.6047361629895838,UP_BIAS,309,,0.7160775175202618,252,False
2025-06-10,38211.51171875,0.2819310290509352,-0.20406933415148576,0.48600036320242096,0.5798813742707102,UP_WATCH,308,,0.1351961799059332,252,False
2025-06-11,38421.19140625,0.4327114167125971,-0.05359599869208226,0.48630741540467937,0.587258135132853,UP_WATCH,307,,0.7884916964233377,252,False
2025-06-12,38173.08984375,0.2789520190872942,0.11756384243742149,0.16138817664987273,0.5276449578981504,NEUTRAL,306,,0.1792569686743948,252,False
2025-06-13,37834.25,0.02823738969860977,0.2914764583622218,-0.263239068663612,0.44634293327663005,NEUTRAL,305,,0.5747870890770458,252,False
2025-06-16,38311.328125,0.23022570915342247,0.44462613696475484,-0.21440042781133237,0.46423241487473854,NEUTRAL,304,,0.6660099566498286,252,False
2025-06-17,38536.73828125,0.2857131185564852,0.21347376645033006,0.07223935210615512,0.5135212531801246,NEUTRAL,303,,0.6940258298365635,252,False
2025-06-18,38885.1484375,-0.03710682688114431,-0.18361061690638852,0.14650379002524422,0.5094503989397591,NEUTRAL,302,,0.2782980431413228,252,False
2025-06-19,38488.33984375,0.11320613271874286,0.053835994603045986,0.05937013811569687,0.5028079245606277,NEUTRAL,301,,0.6420998783896369,252,False
2025-06-20,38403.23046875,0.5522576518088348,0.14893095539851245,0.40332669641032237,0.5799611430546966,UP_WATCH,300,,0.49296988512888196,252,False
2025-06-23,38354.08984375,0.215681980037397,0.09835395047623648,0.11732802956116052,0.5173429436197708,NEUTRAL,299,,0.502280391603405,252,False
2025-06-24,38790.55859375,0.39578051817973386,0.0033371247218106637,0.39244339345792323,0.5705864643151709,NEUTRAL,298,,0.7293995902642307,252,False
2025-06-25,38942.0703125,0.28464388476431346,-0.036374963413615555,0.32101884817792903,0.5536899611436132,NEUTRAL,297,,0.7431786642922434,252,False
2025-06-26,39584.578125,1.0542685603674748,-0.003225345665333501,1.0574939060328084,0.7001946109370566,UP_BIAS,296,,0.3642015029991037,252,False
2025-06-27,40150.7890625,0.751881526005739,-0.9210123672033429,1.672893893209082,0.7663397256009261,UP_BIAS,295,,0.5937911339936414,252,False
2025-06-30,40487.390625,0.9954224997030121,-0.7739676632944394,1.7693901629974516,0.7856983108834784,UP_BIAS,294,,0.33385554656924515,252,False
2025-07-01,39986.328125,0.45606832381196455,-0.36144016350265257,0.8175084873146171,0.6393615532575548,UP_BIAS,293,,0.219686718803752,252,False
2025-07-02,39762.48046875,0.3212464122227586,-0.2703039528393075,0.5915503650620662,0.5983889841478414,UP_WATCH,292,,0.5253512907160005,252,False
2025-07-03,39785.8984375,-0.43833286932757265,-0.7861310243218086,0.34779815499423594,0.5220861750569585,NEUTRAL,291,,0.7207063244164247,252,False
2025-07-04,39810.87890625,-0.34637093190346907,-0.054717342595725554,-0.29165358930774354,0.42339570500154644,NEUTRAL,290,,0.5527003264715541,252,False
2025-07-07,39587.6796875,-0.15683903589305345,0.32181716686629164,-0.47865620275934506,0.40311698386022776,DOWN_WATCH,289,,0.691118177117929,252,False
2025-07-08,39688.80859375,-0.5433172993651565,-0.7645024022085511,0.22118510284339465,0.4962767830627704,NEUTRAL,288,,0.5397017038062427,252,False
2025-07-09,39821.28125,0.4807416490205008,0.657759699046112,-0.17701805002561116,0.4827784642871366,NEUTRAL,287,,0.40831595263995546,252,False
2025-07-10,39646.359375,0.12622296410563336,0.2363222386778424,-0.11009927457220905,0.4759386157293845,NEUTRAL,286,,0.6630176327771964,252,False
2025-07-11,39569.6796875,-0.27244075650485833,-0.0034887986100172463,-0.26895195789484105,0.4306237010760825,NEUTRAL,285,,0.14259370807971877,252,False
2025-07-14,39459.62109375,-0.10908475105995048,0.2558940364784125,-0.364978787538363,0.423345868064539,NEUTRAL,284,,0.49035785529810805,252,False
2025-07-15,39678.01953125,0.20397241434496302,0.3270335469073727,-0.12306113256240966,0.47771595865265937,NEUTRAL,283,,0.5797265749699378,252,False
2025-07-16,39663.3984375,0.23943000322884989,0.3623724583969366,-0.12294245516808672,0.479504841479209,NEUTRAL,282,,0.5395001369408008,252,False
2025-07-17,39901.19140625,-0.20626461903920637,-0.18845079844272103,-0.01781382059648534,0.4743146531431956,NEUTRAL,281,,0.7432743767693137,252,False
2025-07-18,39819.109375,0.0909314814199628,0.14645650462789925,-0.05552502320793645,0.48303027803420334,NEUTRAL,280,,0.824854846772023,252,False
2025-07-22,39774.921875,-0.267958758661276,-0.30290955974192824,0.03495080108065224,0.47979258002962255,NEUTRAL,278,,0.5800811325328223,252,False
2025-07-23,41171.3203125,-0.18301265107963754,-0.4868538864180264,0.30384123533838886,0.5276951921101534,NEUTRAL,277,,0.175027032837496,252,False
2025-07-24,41826.33984375,0.21374815393044957,-0.4333548623008884,0.6471030162313379,0.601894848904623,UP_BIAS,276,,0.12465612795510757,252,False
2025-07-25,41456.23046875,0.45078150725733335,0.02116713848058449,0.42961436877674886,0.579179395518667,UP_WATCH,275,,0.45616810896753957,252,False
2025-07-28,40998.26953125,0.3086800325236701,-0.14348378820217422,0.4521638207258443,0.5758212875865141,UP_WATCH,274,,0.6917218544557258,252,False
2025-07-29,40674.55078125,0.2723533763384287,0.09390205703310985,0.17845131930531888,0.5300796417300709,NEUTRAL,273,,0.7127092184772859,252,False
2025-07-30,40654.69921875,-0.2812977946816364,0.16650477704027558,-0.44780257172191196,0.4019537089641404,DOWN_WATCH,272,,0.3191384985787116,252,False
2025-07-31,41069.8203125,-0.3316117551126182,0.10168798692678162,-0.4332997420393998,0.4018008437647362,DOWN_WATCH,271,,0.7666738537436429,252,False
2025-08-01,40799.6015625,-0.48943946623803136,0.29402883306492933,-0.7834682993029607,0.3413818488134875,DOWN_BIAS,270,,0.8308558955488542,252,False
2025-08-04,40290.69921875,-0.18992372983780403,0.8417980876205082,-1.0317218174583123,0.3189494454113939,DOWN_BIAS,269,,0.3069697116463878,252,False
2025-08-05,40549.5390625,-0.47708940204638095,0.2767464597534499,-0.7538358617998309,0.3462845813610681,DOWN_BIAS,268,,0.31035985375105307,252,False
2025-08-06,40794.859375,-0.5985221579910872,0.0795856500280257,-0.678107808019113,0.35195096410087495,DOWN_BIAS,267,,0.6136158570305906,252,False
2025-08-07,41059.1484375,-0.8237372327939905,0.0837460256380072,-0.9074832584319976,0.3090399257059646,DOWN_BIAS,266,,0.6008926439548113,252,False
2025-08-08,41820.48046875,-0.1590381135612648,0.08933941916973104,-0.24837753273099583,0.43948485173820845,NEUTRAL,265,,0.21926082547146683,252,False
2025-08-12,42718.171875,0.5693229493279642,-0.22311949700717398,0.7924424463351383,0.6408262673412868,UP_BIAS,263,,0.4134155798612575,252,False
2025-08-13,43274.671875,0.4745779422730104,-0.7774125915337369,1.2519905338067474,0.7023909479159426,UP_BIAS,262,,0.5139482373235219,252,False
2025-08-14,42649.26171875,0.5459845665804278,-0.28984218469612455,0.8358267512765524,0.6462244694064577,UP_BIAS,261,,0.3890304990777101,252,False
2025-08-15,43378.30859375,0.7150649608124928,-0.779260749667476,1.494325710479969,0.7435161340553347,UP_BIAS,260,,0.2771055744294311,252,False
2025-08-18,43714.30859375,0.7087780880456461,-0.3187855619717657,1.027563650017412,0.6812825150581789,UP_BIAS,259,,0.5401197590251907,252,False
2025-08-19,43546.2890625,0.13678049380708046,-0.09788654992847681,0.23466704373555727,0.5324268417874238,NEUTRAL,258,,0.22697385654892988,252,False
2025-08-20,42888.55078125,-0.29108005441872437,0.0445636947865871,-0.3356437492053115,0.41912060185487016,NEUTRAL,257,,0.6490619816097368,252,False
2025-08-21,42610.171875,0.06609030210966862,0.22622432114584523,-0.1601340190361766,0.46484085955336624,NEUTRAL,256,,0.6989954397490297,252,False
2025-08-22,42633.2890625,-0.47644335656633907,0.23184290941228325,-0.7082862659786223,0.3530464774440075,DOWN_BIAS,255,,0.3868927496278297,252,False
2025-08-25,42807.8203125,-0.30764393253010663,0.278020990101494,-0.5856649226316006,0.37937285429570616,DOWN_BIAS,254,,0.5378048141589196,252,False
2025-08-26,42394.3984375,-0.30391545993699665,0.37261039338138247,-0.6765258533183791,0.36574263753220637,DOWN_BIAS,253,,0.18438099430835508,252,False
2025-08-27,42520.26953125,0.031239840634318894,0.32462498752821944,-0.29338514689390055,0.44165392465292835,NEUTRAL,252,,0.5003384368784077,252,False
2025-08-28,42828.7890625,-0.2073502500345058,-0.2656497148629344,0.05829946482842863,0.48660935333672456,NEUTRAL,251,,0.47838197014021744,252,False
2025-08-29,42718.46875,0.055198196819971915,0.05993521139869296,-0.004737014578721048,0.48949169254859953,NEUTRAL,250,,0.2463671287790212,252,False
2025-09-01,42188.7890625,-0.2976734951280912,0.37479149172078974,-0.672464986848881,0.36664501590377424,DOWN_BIAS,249,,0.7735731262716133,252,False
2025-09-02,42310.48828125,-0.22334659926091593,0.23964744212654987,-0.4629940413874658,0.402366230251539,DOWN_WATCH,248,,0.35476726003375525,252,False
2025-09-03,41938.890625,-0.13184301354975414,0.5442883836328487,-0.6761313971826028,0.37382221454728054,DOWN_BIAS,247,,0.4017631203006279,252,False
2025-09-04,42580.26953125,0.003706386396554906,0.3595491067075091,-0.3558427203109542,0.43031735018051637,NEUTRAL,246,,0.290950091601742,252,False
2025-09-05,43018.75,-0.11224860164779442,-0.20623807433858293,0.09398947269078851,0.49716088974349615,NEUTRAL,245,,0.4224103726396668,252,False
2025-09-08,43643.80859375,0.4876823078012482,-0.22805253577368834,0.7157348435749366,0.6254542224786654,UP_BIAS,244,,0.4905762978618315,252,False
2025-09-09,43459.2890625,0.5261208010895584,-0.16358675019269095,0.6897075512822494,0.6232894902905927,UP_BIAS,243,,0.4404272465098469,252,False
2025-09-10,43837.671875,0.6790046610712208,-0.27567561248631933,0.9546802735575401,0.6695926178709355,UP_BIAS,242,,0.5768467724676606,252,False
2025-09-11,44372.5,0.890386749702795,0.059198826956497086,0.8311879227462979,0.6611334861228617,UP_BIAS,241,,0.6796233386147108,252,False
2025-09-12,44768.12109375,0.6174105637407774,-0.24214532157924842,0.8595558853200258,0.6529866511493231,UP_BIAS,240,,0.6191686163547873,252,False
2025-09-16,44902.26953125,0.4900643445206306,-0.35085904169146664,0.8409233862120973,0.6444228967239294,UP_BIAS,238,,0.6092735147289645,252,False
2025-09-17,44790.37890625,0.7170695513397254,-0.17537113741148547,0.8924406887512109,0.662286504269253,UP_BIAS,237,,0.7541628285676847,252,False
2025-09-18,45303.4296875,0.8450515580187374,-0.28399444879493185,1.1290460068136694,0.7011730795726235,UP_BIAS,236,,0.8205353785465459,252,False
2025-09-19,45045.80859375,0.5344497210959556,-0.11524672304995592,0.6496964441459114,0.6175572086733278,UP_BIAS,235,,0.3189101471425855,252,False
2025-09-22,45493.66015625,0.5367154131660152,-0.3497760928053415,0.8864915059713567,0.6532968227449334,UP_BIAS,234,,0.5761294438761765,252,False
2025-09-24,45630.30859375,0.4467752822269149,-0.30215441818457145,0.7489297004114863,0.6285868994791194,UP_BIAS,232,,0.41278115213461203,252,False
2025-09-25,45754.9296875,0.34797547763650166,-0.36490480423684624,0.712880281873348,0.6184483091960747,UP_BIAS,231,,0.6080082334771779,252,False
2025-09-26,45354.98828125,-0.18951821250322629,0.06798725517622264,-0.25750546767944893,0.436523800405795,NEUTRAL,230,,0.8094841007794161,252,False
2025-09-29,45043.75,-0.25754498829502415,-0.25998709853489577,0.00244211023987162,0.47504035715631693,NEUTRAL,229,,0.5776206084261509,252,False
2025-09-30,44932.62890625,-0.41364284750109254,0.11807196411889526,-0.5317148116199878,0.3826434313687067,DOWN_BIAS,228,,0.5283823529411765,252,False
2025-10-01,44550.8515625,-0.13159724997606967,0.5908997505914603,-0.72249700056753,0.3668062912491326,DOWN_BIAS,227,,0.5128953989904016,252,False
2025-10-02,44936.73046875,0.3233563508793824,0.65968119581874,-0.33632484493935755,0.44919101002314055,NEUTRAL,226,,0.7755965534317621,252,False
2025-10-03,45769.5,0.19253404958873838,-0.5218384103819862,0.7143724599707246,0.6113163736726904,UP_BIAS,225,,0.5087828019614241,252,False
2025-10-06,47944.76171875,1.1869785653934266,-0.47001466611446613,1.6569932315078928,0.7797897076355453,UP_BIAS,224,,0.5942739441611409,252,False
2025-10-07,47950.87890625,0.944525340917293,-0.6883623984849105,1.6328877394022037,0.7685749635048478,UP_BIAS,223,,0.568089792896613,252,False
2025-10-08,47734.98828125,0.7919931938862816,-0.7060847457232857,1.4980779396095674,0.7469005027925751,UP_BIAS,222,,0.5674665977627769,252,False
2025-10-09,48580.44140625,0.9070919033773002,-0.48338406715724225,1.3904759705345424,0.7379281504238944,UP_BIAS,221,,0.28585237256515555,252,False
2025-10-10,48088.80078125,1.3038014724317126,0.02977746631081568,1.274024006120897,0.7386330517071495,UP_BIAS,220,,0.09758954637705505,252,False
2025-10-14,46847.3203125,0.0011498871509466081,0.05991774386781769,-0.058767856716871084,0.4780218890717203,NEUTRAL,218,,0.7170996292444054,252,False
2025-10-15,47672.671875,0.24391003717401172,-0.34468146081819895,0.5885914979922107,0.5942026392441513,UP_WATCH,217,,0.4826642547493781,252,False
2025-10-16,48277.73828125,0.7646873417091155,-0.17628019977483056,0.940967541483946,0.6714093744630487,UP_BIAS,216,,0.5919256336485798,252,False
2025-10-17,47582.1484375,0.2112899583618168,0.11847654099845084,0.09281341736336596,0.5131436494664153,NEUTRAL,215,,0.5987531009818768,252,False
2025-10-20,49185.5,0.36358142446709785,-0.12391098567539846,0.48749241014249634,0.5840900392679088,UP_WATCH,214,,0.4572930264749316,252,False
2025-10-21,49316.05859375,0.4676177045596254,-0.49644818163386595,0.9640658861934914,0.661540410542565,UP_BIAS,213,,0.44348319930050667,252,False
2025-10-22,49307.7890625,0.08122721232070462,-0.6356566740595402,0.7168838863802448,0.6064036516547759,UP_BIAS,212,,0.25093284456601384,252,False
2025-10-23,48641.609375,0.018658600941905898,-0.06580255123897091,0.08446115218087681,0.502157853879422,NEUTRAL,211,,0.724626572371622,252,False
2025-10-24,49299.6484375,0.6128051243360909,-0.15030009997110064,0.7631052243071915,0.6384353193082632,UP_BIAS,210,,0.7641461967930516,252,False
2025-10-27,50512.3203125,0.30233207460328554,-0.28298171129976835,0.5853137859030539,0.5965042413753915,UP_WATCH,209,,0.46745434400074204,252,False
2025-10-28,50219.1796875,0.5495960669692693,0.19036713433654304,0.35922893263272626,0.5728327140386085,NEUTRAL,208,,0.44727488728505255,252,False
2025-10-29,51307.6484375,1.3654828462829587,0.4951418697063672,0.8703409765765915,0.6875775197609172,UP_BIAS,207,,0.8230756092006377,252,False
2025-10-30,51325.609375,0.8844194680150135,-0.6428955597086667,1.5273150277236802,0.753921685739268,UP_BIAS,206,,0.7477947915486934,252,False
2025-10-31,52411.33984375,1.1159365090157287,-0.3047285521795554,1.420665061195284,0.7496261831937765,UP_BIAS,205,,0.3531276822800199,252,False
2025-11-04,51497.19921875,0.2942618685220058,-0.45147000892902484,0.7457318774510306,0.6209489768779821,UP_BIAS,203,,0.48257739916994946,252,False
2025-11-05,50212.26953125,0.1158961504616,-0.14081183675007308,0.2567079872116731,0.5349527524553159,NEUTRAL,202,,0.6637110887836117,252,False
2025-11-06,50883.6796875,-0.08795691276741321,-0.1436514192892903,0.055694506521877074,0.49215315597121256,NEUTRAL,201,,0.6277199117842447,252,False
2025-11-07,50276.37109375,-0.2019287540740839,-0.2054456543554137,0.00351690028132981,0.47798929321847317,NEUTRAL,200,,0.5277707682535263,252,False
2025-11-10,50911.76171875,0.08902386031207031,0.2714188648248305,-0.1823950045127602,0.4623832182291295,NEUTRAL,199,,0.6143256502410297,252,False
2025-11-11,50842.9296875,0.14562146188120226,0.1393254056379554,0.006296056243246861,0.4958042807200089,NEUTRAL,198,,0.6594904560861029,252,False
2025-11-12,51063.30859375,-0.2049728031937694,-0.7536278586080495,0.5486550554142801,0.566020064407614,UP_WATCH,197,,0.27869352179135287,252,False
2025-11-13,51281.828125,-0.11329840634991893,-0.120911643991312,0.0076132376413930725,0.4830786953575183,NEUTRAL,196,,0.4015012487409104,252,False
2025-11-14,50376.53125,-0.13398079892430337,0.4149726762802001,-0.5489534752045035,0.39326321494642086,DOWN_BIAS,195,,0.7684107746287496,252,False
2025-11-17,50323.91015625,-0.36614826478717466,0.6612733935120498,-1.0274216582992244,0.3119424577636615,DOWN_BIAS,194,,0.3452077887745217,252,False
2025-11-18,48702.98046875,-0.7195477122280027,0.6581047199920643,-1.3776524322200672,0.2517343638964889,DOWN_BIAS,193,,0.7405556246168882,252,False
2025-11-19,48537.69921875,-0.5050504815542032,0.9830868157540613,-1.4881372973082645,0.24632687484306454,DOWN_BIAS,192,,0.7355013020338521,252,False
2025-11-20,49823.94140625,-0.30018651036663774,0.5392053809780349,-0.8393918913446727,0.3417192471005019,DOWN_BIAS,191,,0.7699389250085075,252,False
2025-11-21,48625.87890625,-0.9379277248414355,-0.16388655946972985,-0.7740411653717056,0.3228484024670147,DOWN_BIAS,190,,0.8379229143623959,252,False
2025-11-25,48659.51953125,-0.047958335048267464,0.5789695569784568,-0.6269278920267243,0.38530409633103585,DOWN_BIAS,188,,0.46506743073470613,252,False
2025-11-26,49559.0703125,-0.21536215626574046,-0.5272520211652376,0.31188986489949716,0.5273865584085897,NEUTRAL,187,,0.43053237989801724,252,False
2025-11-27,50167.1015625,0.6033533340722981,0.1243917495370957,0.4789615845352024,0.5943543504089256,UP_WATCH,186,,0.7573768441785952,252,False
2025-11-28,50253.91015625,-0.021658154894659797,0.06428023287877659,-0.08593838777343638,0.4724799447419436,NEUTRAL,185,,0.7232908232707923,252,False
2025-12-01,49303.28125,0.15912282786493318,-0.028398001894180694,0.18752082975911388,0.5259050599410645,NEUTRAL,184,,0.4722581571684523,252,False
2025-12-02,49303.44921875,-0.02740847982456615,-0.18475865768362004,0.1573501778590539,0.511696845452794,NEUTRAL,183,,0.2706619590735161,252,False
2025-12-03,49864.6796875,0.5477455540813285,0.43042125118658936,0.11732430289473916,0.5339003871049028,NEUTRAL,182,,0.7717533794796255,252,False
2025-12-04,51028.421875,0.17713623680983448,-0.2800972425044584,0.45723347931429287,0.5701906423055374,UP_WATCH,181,,0.40805984706371656,252,False
2025-12-05,50491.87109375,0.23667592147958644,0.025860803146001865,0.21081511833358457,0.5335408059603977,NEUTRAL,180,,0.3660525453929802,252,False
2025-12-08,50581.94140625,0.2654552079002796,-0.38099698401229504,0.6464521919125746,0.6042690456247628,UP_BIAS,179,,0.5351317281090326,252,False
2025-12-09,50655.1015625,0.5678781915151427,-0.008378683007389254,0.576256874522532,0.607816362229764,UP_BIAS,178,,0.6896806793079922,252,False
2025-12-10,50602.80078125,0.21112284362351946,0.17985490271452514,0.03126794090899432,0.5031371414116921,NEUTRAL,177,,0.7145208982867924,252,False
2025-12-11,50148.8203125,-0.17433804150632892,0.25654281816105234,-0.43088085966738127,0.4097642190311361,DOWN_WATCH,176,,0.5458502912500605,252,False
2025-12-12,50836.55078125,-0.34983181459854884,-0.4018277106057818,0.05199589600723298,0.4784710619361165,NEUTRAL,175,,0.3266448226326934,252,False
2025-12-15,50168.109375,-0.5747881500549016,-0.4015928871251009,-0.1731952629298007,0.4310583171004007,NEUTRAL,174,,0.7138256398666591,252,False
2025-12-16,49383.2890625,-0.3123581480829721,0.33359899494894757,-0.6459571430319196,0.3699704063828601,DOWN_BIAS,173,,0.5428186901370109,252,False
2025-12-17,49512.28125,-0.0953646903457416,0.4354886244732672,-0.5308533148190088,0.397922816044072,DOWN_BIAS,172,,0.6868097519589972,252,False
2025-12-18,49001.5,-0.35920371435806486,0.3319644995407098,-0.6911682138987747,0.3609830254607635,DOWN_BIAS,171,,0.7602568848170436,252,False
2025-12-19,49507.2109375,-0.2501872731434739,0.5066508706769492,-0.7568381438204231,0.3561801639082282,DOWN_BIAS,170,,0.7289841367780541,252,False
2025-12-22,50402.390625,0.3460880041695228,0.2589855884674903,0.08710241570203248,0.5189494623823785,NEUTRAL,169,,0.6740538311946556,252,False
2025-12-23,50412.87109375,-0.10420136665668528,-0.5275979559853776,0.42339658932869234,0.5509147913993422,UP_WATCH,168,,0.4996340752448623,252,False
2025-12-24,50344.1015625,0.24113137173158333,0.005474805084074469,0.23565656664750886,0.5377786219836873,NEUTRAL,167,,0.5558636506196204,252,False
2025-12-25,50407.7890625,0.2191903296519695,-0.36782590369078505,0.5870162333427545,0.5927628278303537,UP_WATCH,166,,0.6319345661450925,252,False
2025-12-26,50750.390625,0.5649989948172853,-0.09174104113241932,0.6567400359497046,0.6200783567279732,UP_BIAS,165,,0.5142756294765245,252,False
2025-12-29,50526.921875,-0.08430563177149976,0.1339217428585064,-0.21822737463000613,0.4480113494292884,NEUTRAL,164,,0.507429829389103,252,False
2025-12-30,50339.48046875,0.07233818743972042,0.14482346276076602,-0.0724852753210456,0.47934980532816124,NEUTRAL,163,,0.35587743146544326,252,False
2026-01-05,51832.80078125,0.4211290816784041,-0.16744075840916287,0.588569840087567,0.6027163580310586,UP_BIAS,159,,0.848909215735165,252,False
2026-01-06,52518.078125,0.5419656279661086,-0.5292167726795213,1.0711824006456299,0.6801936076546352,UP_BIAS,158,,0.5701327779091963,252,False
2026-01-07,51961.98046875,0.38663755942494954,-0.14469448535426474,0.5313320447792143,0.5921096239038103,UP_WATCH,157,,0.5091828686605656,252,False
2026-01-08,51117.26171875,0.23889690168299021,-0.34878451625012796,0.5876814179331182,0.5938181837699236,UP_WATCH,156,,0.6680718014572458,252,False
2026-01-09,51939.890625,0.9372813481781652,-0.2209889002741276,1.1582702484522929,0.7089586667492788,UP_BIAS,155,,0.15884137577069393,252,False
2026-01-13,53549.16015625,0.8397948761742196,-0.4430291184701808,1.2828239946444002,0.7214759376503864,UP_BIAS,153,,0.7436641031341207,252,False
2026-01-14,54341.23046875,0.8481715178393596,-0.45181075098201684,1.2999822688213765,0.7240464070358473,UP_BIAS,152,,0.6475754115301879,252,False
2026-01-15,54110.5,0.39265904717152883,-1.0770536955548753,1.469712742726404,0.7278705000761878,UP_BIAS,151,,0.46246552860632295,252,False
2026-01-16,53936.171875,0.8674613255031186,-0.7159849510568527,1.5834462765599713,0.7600096369581566,UP_BIAS,150,,0.4826875075034491,252,False
2026-01-19,53583.5703125,0.34226384967522927,-0.5725056196370689,0.9147694693122982,0.6486369006080902,UP_BIAS,149,,0.7063554475264512,252,False
2026-01-20,52991.1015625,0.21218332852473049,0.4259514110973779,-0.2137680825726474,0.463437234127412,NEUTRAL,148,,0.6478138906044315,252,False
2026-01-21,52774.640625,-0.15552422094911297,0.4554970794633586,-0.6110213004124716,0.38266103226078096,DOWN_BIAS,147,,0.5556632023956315,252,False
2026-01-22,53688.890625,0.34668528693853856,0.2081756676766843,0.13850961926185426,0.5273148558483368,NEUTRAL,146,,0.7590576095634484,252,False
2026-01-23,53846.87109375,0.1665828866596591,0.148691773280965,0.01789111337869409,0.49873645294678776,NEUTRAL,145,,0.7485036633969455,252,False
2026-01-26,52885.25,0.05852708788891739,0.3418452582896439,-0.2833181704007265,0.44461535425200605,NEUTRAL,144,,0.41772242500699996,252,False
2026-01-27,53333.5390625,0.3907418674327073,0.10261865170355619,0.2881232157291511,0.5536497882640966,NEUTRAL,143,,0.8433660740920385,252,False
2026-01-28,53358.7109375,0.4546901633425453,-0.11790831666173834,0.5725984800042836,0.6018374479452102,UP_BIAS,142,,0.6192737845277281,252,False
2026-01-29,53375.6015625,-0.08948243816771566,0.22675005447018842,-0.3162324926379041,0.4320609089035563,NEUTRAL,141,,0.8741122297666433,252,False
2026-01-30,53322.8515625,-0.2393807535687869,-0.0696976949050303,-0.1696830586637566,0.4481445921849138,NEUTRAL,140,,0.6752220293300026,252,False
2026-02-02,52655.1796875,-0.13411713037921788,0.29324481835509564,-0.42736194873431355,0.4122652730315135,DOWN_WATCH,139,,0.7619661896082432,252,False
2026-02-03,54720.66015625,0.11490719577015285,0.022470943857180944,0.0924362519129719,0.5082654976862144,NEUTRAL,138,,0.663787424053876,252,False
2026-02-04,54293.359375,-0.4352522895193746,-0.3931169887214791,-0.042135300797895514,0.4589827829413316,NEUTRAL,137,,0.6824526926875648,252,False
2026-02-05,53818.0390625,-0.042201947661029166,0.12055840158381007,-0.16276034924483923,0.45903338723092135,NEUTRAL,136,,0.5272090559096149,252,False
2026-02-06,54253.6796875,-0.40562789484657547,-0.47450678474591845,0.06887888989934299,0.4784248304874772,NEUTRAL,135,,0.71222046454566,252,False
2026-02-09,56363.94140625,1.1109649201633254,-0.14215985851720914,1.2531247786805344,0.7284403834409585,UP_BIAS,134,,0.49650328443927894,252,False
2026-02-10,57650.5390625,0.4214949351824754,-0.4586761434826787,0.8801710786651541,0.6471214832273113,UP_BIAS,133,,0.5714977571226411,252,False
2026-02-12,57639.83984375,0.2699156317389215,-0.741224147928967,1.0111397796678885,0.6595352856631053,UP_BIAS,131,,0.7086776799776392,252,False
2026-02-13,56941.96875,0.7233298142857618,-0.5638566961490478,1.2871865104348097,0.7173464945307992,UP_BIAS,130,,0.4156440748171647,252,False
2026-02-16,56806.41015625,0.7390376206623508,-0.050685437659466925,0.7897230583218178,0.6481979598978138,UP_BIAS,129,,0.221266507892859,252,False
2026-02-17,56566.48828125,-0.10201066366912537,-0.026171786031132988,-0.07583887763799238,0.4701113264338361,NEUTRAL,128,,0.4402977031894787,252,False
2026-02-18,57143.83984375,-0.7814065623496945,-0.7081900753406235,-0.07321648700907102,0.4368706913797324,NEUTRAL,127,,0.6500906489403936,252,False
2026-02-19,57467.828125,-0.2908129717538132,-0.23542243787816286,-0.05539053387565035,0.4640206841455228,NEUTRAL,126,,0.7949221574335571,252,False
2026-02-20,56825.69921875,0.09733258887259227,0.6207643922677448,-0.5234318033951526,0.4083563878287145,DOWN_WATCH,125,,0.4843803269407761,252,False
2026-02-24,57321.08984375,-0.0007392077349492598,-0.10582580251612622,0.10508659478117696,0.5045394865324683,NEUTRAL,123,,0.7388676481359855,252,False
2026-02-25,58583.12109375,0.5232858270682904,0.010139234508688477,0.5131465925596019,0.5958499010790287,UP_WATCH,122,,0.791313048009027,252,False
2026-02-26,58753.390625,0.0012318666020520175,-0.4643880162250449,0.4656198828270969,0.562889987613645,UP_WATCH,121,,0.611251079424076,252,False
2026-02-27,58850.26953125,-0.07944242647036337,-0.25758855526139635,0.17814612879103298,0.512474035665491,NEUTRAL,120,,0.6634952032784228,252,False
2026-03-02,58057.23828125,-0.25894323149873927,-0.47240318105048784,0.21345994955174857,0.5092390284914653,NEUTRAL,119,,0.46653696088182856,252,False
2026-03-03,56279.05078125,-0.1394999492117343,0.5570389245256904,-0.6965388737374247,0.37036523850487946,DOWN_BIAS,118,,0.3154001125712315,252,False
2026-03-04,54245.5390625,-0.6206575769426647,0.9818474101520315,-1.6025049870946961,0.22868351528514455,DOWN_BIAS,117,,0.7462800343681953,252,False
2026-03-05,55278.05859375,-0.8534745683412432,0.26715754752072934,-1.1206321158619725,0.27906469058932315,DOWN_BIAS,116,,0.7886110058305253,252,False
2026-03-06,55620.83984375,-0.6338629805753772,0.1924241175526284,-0.8262870981280055,0.32874665734295183,DOWN_BIAS,115,,0.41157147738895267,252,False
2026-03-09,52728.71875,-0.9184086463023184,0.7546951172546705,-1.673103763556989,0.2106188510987188,DOWN_BIAS,114,,0.6975794404595108,252,False
2026-03-10,54248.390625,-0.4499512650244335,0.21699917401874777,-0.6669504390431813,0.3604277579745523,DOWN_BIAS,113,,0.76899940296879,252,False
2026-03-11,55025.37109375,0.10035052201225769,0.05118514680016581,0.04916537521209188,0.500506899398916,NEUTRAL,112,,0.6953196555533085,252,False
2026-03-12,54452.9609375,0.1554199292410434,0.4884945686675909,-0.33307463942654747,0.4414166753050244,NEUTRAL,111,,0.38300060669592856,252,False
2026-03-13,53819.609375,-0.3381461352335603,0.2528870003627809,-0.5910331355963412,0.3771175757100552,DOWN_BIAS,110,,0.7883223961050578,252,False
2026-03-16,53751.1484375,0.31988387249417816,-0.3253497391984936,0.6452336116926718,0.6066801629359403,UP_BIAS,109,,0.7082019721607553,252,False
2026-03-17,53700.390625,-0.30682093881078465,-0.1197660942378968,-0.18705484457288785,0.442024477177777,NEUTRAL,108,,0.7647567413598401,252,False
2026-03-18,55239.3984375,-0.05885379224205984,-0.08843941452695597,0.029585622284896133,0.48936657753449875,NEUTRAL,107,,0.7101441127432674,252,False
2026-03-19,53372.53125,-0.19636638418622032,0.4350476024274067,-0.631413986613627,0.3776129661511971,DOWN_BIAS,106,,0.42865709595074175,252,False
2026-03-23,51515.48828125,-0.24298956023288337,0.8913588311057845,-1.1343483913386678,0.3023938532238881,DOWN_BIAS,104,,0.644319311780705,252,False
2026-03-24,52252.28125,-0.9265441259022154,0.004683613794146779,-0.9312277396963622,0.3014069885089465,DOWN_BIAS,103,,0.6091279342327737,252,False
2026-03-25,53749.62109375,-0.4573776610277184,-0.1277140336409278,-0.32966362738679056,0.41198708988513233,NEUTRAL,102,,0.7115290314734831,252,False
2026-03-26,53603.6484375,-0.3329494703607867,0.6862652906771353,-1.0192147610379219,0.314518311213121,DOWN_BIAS,101,,0.6138470287820087,252,False
2026-03-27,53373.0703125,-0.4502652509425923,0.14801907479884718,-0.5982843257414394,0.37076464892785455,DOWN_BIAS,100,,0.7212533475879497,252,False
2026-03-30,51885.8515625,1.5163369451928597,2.285227634086198,-0.7688906888933384,0.4386823088075038,DOWN_WATCH,99,,0.7036230569164701,252,False
2026-03-31,51063.71875,-0.20481465771824525,0.49998598132813765,-0.7048006390463829,0.366077105646458,DOWN_BIAS,98,,0.862257113695115,252,False
2026-04-01,53739.6796875,-1.771412957451487,-2.0461166399193407,0.2747036824678537,0.4438070926124796,NEUTRAL,97,,0.6054562247316325,252,False
2026-04-02,52463.26953125,-0.268286115201771,0.23393312419714504,-0.502219239398916,0.3941025175390277,DOWN_BIAS,96,,0.6312901094224244,252,False
2026-04-03,53123.48828125,-0.02424235400787398,-0.05061371516360401,0.02637136115573003,0.49057434526305765,NEUTRAL,95,,0.5197079212105842,252,False
2026-04-06,53413.6796875,0.3637983094901595,-0.1433316514230902,0.5071299609132497,0.5871980301319571,UP_WATCH,94,,0.607315627713384,252,False
2026-04-07,53429.55859375,0.3604130354649251,-0.4324370263177312,0.7928500617826563,0.6312155661616021,UP_BIAS,93,,0.8416468167275085,252,False
2026-04-08,56308.421875,0.5494818255662185,-0.5551531656290463,1.1046349911952649,0.6852293042836297,UP_BIAS,92,,0.7004353131887145,252,False
2026-04-09,55895.3203125,0.7151002697462998,-0.47271888592581207,1.1878191556721118,0.7037256103441897,UP_BIAS,91,,0.7681590872428105,252,False
2026-04-10,56924.109375,1.182120427290654,-0.8275948287590249,2.009715256049679,0.8164890259079001,UP_BIAS,90,,0.29939313432021036,252,False
2026-04-13,56502.76953125,0.9685027964811911,-0.6455666172422775,1.6140694137234686,0.7672496251432162,UP_BIAS,89,,0.6526358678618442,252,False
2026-04-14,57877.390625,1.3014991682452672,-1.0043025974942243,2.3058017657394916,0.8467157474234833,UP_BIAS,88,,0.8198933890201682,252,False
2026-04-15,58134.23828125,0.37228693851401595,-0.5530222144303344,0.9253091529443503,0.651561112121195,UP_BIAS,87,,0.7216533481630135,252,False
2026-04-16,59518.33984375,0.7786965202623615,-0.8119987032370524,1.5906952234994138,0.7576229383171567,UP_BIAS,86,,0.6712042393893725,252,False
2026-04-17,58475.8984375,0.21455358489952953,0.1836272168847493,0.030926368014780214,0.5032531681413944,NEUTRAL,85,,0.6811259628629251,252,False
2026-04-20,58824.890625,0.09509535207937103,-0.24526680364201714,0.34036215572138817,0.5474206645769287,NEUTRAL,84,,0.4763640724307471,252,False
2026-04-21,59349.171875,-0.06860077936382655,-0.07056484518234094,0.0019640658185143822,0.4843941922349697,NEUTRAL,83,,0.597372706206551,252,False
2026-04-22,59585.859375,0.02409423591945719,-0.08181509865915335,0.10590933457861054,0.5059147027508472,NEUTRAL,82,,0.35999803333497216,252,False
2026-04-23,59140.23046875,-0.16306196862523903,0.5630489859260587,-0.7261109545512977,0.36480142220000944,DOWN_BIAS,81,,0.3604095563139932,252,False
2026-04-24,59716.1796875,-0.06250275681214132,-0.07099172379331366,0.008488966981172338,0.4857581727228349,NEUTRAL,80,,0.6280633531818366,252,False
2026-04-27,60537.359375,0.27954394858371434,-0.026123330795124466,0.3056672793788388,0.5509704603553922,NEUTRAL,79,,0.6217453520115321,252,False
2026-04-28,59917.4609375,-0.03674593463329719,0.005834291051736792,-0.04258022568503399,0.47875621350889025,NEUTRAL,78,,0.5701266084975274,252,False
2026-04-30,59284.921875,-0.22040674064101512,-0.04084446981795234,-0.17956227082306278,0.4474950728114963,NEUTRAL,76,,0.7872156686643983,252,False
2026-05-01,59513.12109375,0.10801162245291712,0.006084859868500665,0.10192676258441646,0.5094625500993064,NEUTRAL,75,,0.6694170005182583,252,False
2026-05-07,62833.83984375,0.5852148393497988,-0.45273020499149025,1.037945044341289,0.6773690712170747,UP_BIAS,71,,0.6052183070293339,252,False
2026-05-08,62713.6484375,0.1754004713294749,-0.3106606073533287,0.48606107868280357,0.5746917953299225,UP_WATCH,70,,0.5424511032960206,252,False
2026-05-11,62417.87890625,0.27517092468317644,-0.17877958694154025,0.45395051162471667,0.5744674556462696,UP_WATCH,69,,0.7408075654824862,252,False
2026-05-12,62742.5703125,0.3005572092827643,-0.08901473012344713,0.38957193940621143,0.5654554895487989,NEUTRAL,68,,0.13882673499584972,252,False
2026-05-13,63272.109375,0.2738233827121771,-0.29035660650052214,0.5641799892126993,0.5918169534526511,UP_WATCH,67,,0.6734723176471794,252,False
2026-05-14,62654.05078125,-0.4904981682496789,0.45521297793723464,-0.9457111461869135,0.31803608847670545,DOWN_BIAS,66,,0.5265673361748651,252,False
2026-05-15,61409.2890625,-0.5821466283190704,0.7550363408164658,-1.3371829691355361,0.26200020597010715,DOWN_BIAS,65,,0.8708729684767308,252,False
2026-05-18,60815.94921875,-0.5246954862089642,0.7111195964374507,-1.235815082646415,0.27723494225409795,DOWN_BIAS,64,,0.5420387145317634,252,False
2026-05-19,60550.58984375,-0.3752188657347538,0.5950858598319664,-0.9703047255667202,0.31957147087446036,DOWN_BIAS,63,,0.45527658444092306,252,False
2026-05-20,59804.41015625,-0.503674348877533,0.5027855272568963,-1.0064598761344294,0.3089711239254478,DOWN_BIAS,62,,0.45569151740149616,252,False
2026-05-21,61684.140625,4.82599333653964,-3.764742763755527,8.590736100295167,0.9984975838174587,UP_BIAS,61,,0.6778218824320242,252,False
2026-05-22,63339.0703125,4.425457582623702,-4.073435577251074,8.498893159874775,0.9982725363213172,UP_BIAS,60,,0.2710616117298534,252,False
2026-05-25,65158.19140625,3.1396922388413464,-2.52531870651723,5.665010945358576,0.9860770448437083,UP_BIAS,59,,0.8475161623181081,252,False
2026-05-26,64996.08984375,5.244662126119806,-3.8109804017917774,9.055642527911584,0.9989781314944619,UP_BIAS,58,,0.6598113095591289,252,False
2026-05-27,64999.41015625,3.878244879189118,-3.193899634202628,7.072144513391746,0.9951433742243792,UP_BIAS,57,,0.3987225212372738,252,False
2026-05-28,64693.12109375,2.1203949522064285,-1.8177889851605167,3.9381839373669454,0.9494969481872388,UP_BIAS,56,,0.6418583443104671,252,False
2026-05-29,66329.5,1.088680754032248,-0.9498057331550464,2.0384864871872943,0.8164910285282154,UP_BIAS,55,,0.29141029835466953,252,False
2026-06-01,66934.328125,1.7624354814192587,-1.1793197447873958,2.9417552262066544,0.9015554401903412,UP_BIAS,54,,0.524862582730805,252,False
2026-06-02,66734.2421875,1.3674678094154402,-1.0374797010615282,2.404947510476968,0.8565233706920293,UP_BIAS,53,,0.6332624195987834,252,False
2026-06-03,68402.1328125,1.1243110940221899,-1.0287313139602552,2.1530424079824453,0.8284013990021774,UP_BIAS,52,,0.7527205458317417,252,False
2026-06-04,67470.6875,2.2425524946289594,-1.5989300802918485,3.841482574920808,0.9476222551160266,UP_BIAS,51,,0.6752329534619153,252,False
2026-06-05,66588.1171875,0.9828091933358462,-0.47527220665833403,1.4580813999941802,0.7491933458334742,UP_BIAS,50,,0.8993879946344735,252,False
2026-06-08,64024.6015625,-0.7121280721997877,0.8283846740565901,-1.5405127462563777,0.23258733375877474,DOWN_BIAS,49,,0.8678932678870742,252,False
2026-06-09,65416.62890625,-0.1820777858824734,0.3002667333393068,-0.48234451922178023,0.4013268770298972,DOWN_WATCH,48,,0.8508431762366976,252,False
2026-06-10,64179.26953125,-0.5725784042259889,0.5159312119228098,-1.0885096161487988,0.2948285567462198,DOWN_BIAS,47,,0.6685227835923151,252,False
2026-06-11,64217.26953125,-0.32670121896016757,0.47482951699276416,-0.8015307359529318,0.3460754366023561,DOWN_BIAS,46,,0.6943320044454867,252,False
2026-06-12,66020.0390625,-0.10794307930342321,0.17149835822461662,-0.27944143752803985,0.4370297411402141,NEUTRAL,45,,0.8092806257857242,252,False
2026-06-15,69317.5,1.8870990726073695,-1.575462664424536,3.4625617370319057,0.9294377768306599,UP_BIAS,44,,0.850512794262004,252,False
2026-06-16,69404.5,1.693148256896436,-1.216658385027306,2.9098066419237423,0.8984394342245917,UP_BIAS,43,,0.7933659896893978,252,False
2026-06-17,69902.25,2.351692531316055,-1.875563283436537,4.227255814752592,0.9596142656969524,UP_BIAS,42,,0.7522910037051446,252,False
2026-06-18,71053.4921875,1.7783130990028393,-1.4514916569505594,3.2298047559533987,0.9172104965163062,UP_BIAS,41,,0.6669112982473598,252,False
2026-06-19,71250.0625,1.682199993557008,-1.0540225512510977,2.736222544808106,0.8874530002809933,UP_BIAS,40,,0.7847475888891808,252,False
2026-06-22,72353.9609375,0.988739115009304,-0.7450200170794209,1.733759132088725,0.7815447563221016,UP_BIAS,39,,0.633408352088022,252,False
2026-06-23,69788.3828125,0.6973760245588403,-0.0932673834278483,0.7906434079866886,0.6464322829776172,UP_BIAS,38,,0.8703347337767023,252,False
2026-06-24,69174.96875,-0.2525458180058056,0.32655595871097026,-0.5791017767167759,0.3829784288779666,DOWN_BIAS,37,,0.7712524307997849,252,False
2026-06-25,72366.34375,0.35383140192498896,-0.3029771376863377,0.6568085396113267,0.6100903061817613,UP_BIAS,36,,0.7848415591107676,252,False
2026-06-26,69360.8828125,-0.6288044610886806,0.8363874609166582,-1.4651919220053387,0.24450532574544817,DOWN_BIAS,35,,0.8652499546773024,252,False
2026-06-29,69468.109375,-0.7282136214019737,0.391436284851295,-1.1196499062532688,0.284262542572383,DOWN_BIAS,34,,0.7347794674796032,252,False
2026-06-30,70062.3203125,-1.9324265793092648,1.5616846713764065,-3.4941112506856715,0.06252300623392477,DOWN_BIAS,33,,0.5892736560292985,252,False
2026-07-01,70474.9609375,-1.2046807857135513,0.6201973256091244,-1.8248781113226757,0.18586479824288932,DOWN_BIAS,32,,0.8273402213736019,252,False
2026-07-02,68733.1484375,-0.5390539900387639,0.6935345421193233,-1.2325885321580872,0.2770797894582103,DOWN_BIAS,31,,0.9216596287672495,252,False
2026-07-03,69744.0703125,-0.19925376968490036,0.23919218108229803,-0.4384459507671984,0.4073718765350176,DOWN_WATCH,30,,0.5108648165449009,252,False
2026-07-06,69737.6875,-0.27480171903456657,0.28994511236714104,-0.5647468314017077,0.3841321483605633,DOWN_BIAS,29,,0.37196571134248185,252,False
2026-07-07,68256.9609375,-1.3074898441243201,1.2669327590495505,-2.5744226031738706,0.12080036712754932,DOWN_BIAS,28,,0.825484627637937,252,False
2026-07-08,66819.046875,-1.7140840718299217,1.80247903248381,-3.5165631043137315,0.06424902548073659,DOWN_BIAS,27,,0.7605682067993431,252,False
2026-07-09,67743.8515625,-0.3735531701999465,0.44816304821724284,-0.8217162184171893,0.34100334409805433,DOWN_BIAS,26,,0.7397979020949785,252,False
2026-07-10,68557.7265625,-1.0904532144253634,1.0782309011109616,-2.1686841155363252,0.15739558304342813,DOWN_BIAS,25,,0.38993032791439336,252,False
2026-07-13,67242.7265625,-1.492041347935915,1.5653532041192948,-3.05739455205521,0.08820796007720237,DOWN_BIAS,24,,0.8223134900934242,252,False
2026-07-14,67743.5,-0.9151824050819318,0.6134608539736726,-1.5286432590556043,0.22676748538191338,DOWN_BIAS,23,,0.48280191544031764,252,False
2026-07-15,68751.5078125,-0.2954545984589083,0.25385525331275804,-0.5493098517716664,0.3855297094000987,DOWN_BIAS,22,,0.8086005933054589,252,False
2026-07-16,66835.5390625,-0.9504254831658648,1.1509398467134295,-2.1013653298792945,0.16714852158602644,DOWN_BIAS,21,,0.910403095327276,252,False
2026-07-17,64141.12109375,-1.9025047694660144,1.9789435139745353,-3.88144828344055,0.049574068990824775,DOWN_BIAS,20,,0.913860281394322,252,False
2026-07-23,66422.6015625,-1.4174761871194081,1.4567137295241501,-2.8741899166435583,0.09959625693363446,DOWN_BIAS,16,,0.5865796500512258,252,False
2026-07-24,64611.1484375,-1.164136163307339,1.29509015463043,-2.459226317937769,0.1322368312426851,DOWN_BIAS,15,,0.8277643707996015,252,False
2026-07-27,64931.19140625,-0.47435850301566523,-0.14426671575679012,-0.3300917872588751,0.41109722405452925,NEUTRAL,14,,0.44601970181043665,252,False
2026-07-28,62364.921875,-2.0507476151720216,1.9863684549112721,-4.037116070083294,0.04376057750179605,DOWN_BIAS,13,,0.8055883527512023,252,False
2026-07-29,61434.19140625,-2.5543803861902266,2.0136173655285443,-4.567997751718771,0.028468523887159678,DOWN_BIAS,12,,0.8371464371546536,252,False
2026-07-30,61867.4296875,-1.6716489492504476,1.5133129333009172,-3.184961882551365,0.07910608731486278,DOWN_BIAS,11,,0.6380906472146075,252,False
2026-08-03,63754.8984375,-0.6838928693935739,0.6847059239595148,-1.3685987933530885,0.25419399396976017,DOWN_BIAS,9,,0.6657459680135815,252,False
2026-08-04,63957.53125,0.33486418707903126,-0.15442699368507018,0.48929118076410144,0.582978397084935,UP_WATCH,8,,0.6942968968409281,252,False
2026-08-05,66300.4375,0.2165512048634798,-0.19509110159642126,0.4116423064599011,0.5648520475244606,UP_WATCH,7,,0.6146021381731044,252,False
2026-08-06,65683.2578125,-0.27835986489569065,0.3884932388626389,-0.6668531037583296,0.36839080624062426,DOWN_BIAS,6,,0.6875557055458927,252,False
2026-08-07,65606.7109375,-1.0782971654861053,0.948887139156729,-2.027184304642834,0.17032449834419539,DOWN_BIAS,5,,0.8149972781709309,252,False
2026-08-10,66970.21875,0.38321960998685334,-0.6420996564507061,1.0253192664375594,0.6666565031718275,UP_BIAS,4,,0.7053499497727341,252,False
2026-08-12,67524.0625,-0.031003003211971483,-0.14580341490046989,0.1148004116884984,0.5046047865452685,NEUTRAL,2,,0.5749304694366518,252,False
2026-08-13,68308.59375,-0.07291034673388941,0.32679961660558204,-0.39970996333947145,0.41960538190089536,NEUTRAL,1,,0.79982576932776,252,False
2026-08-14,68713.796875,0.4728658963129214,-0.27406141217252333,0.7469273084854448,0.6295008212085403,UP_BIAS,0,,0.7432657805629959,252,False
2026-08-17,69220.25,0.48936803914510646,-0.2199707086044168,0.7093387477495232,0.6245588424745001,UP_BIAS,19,1.0,0.8409728425242505,252,False
2026-08-18,67460.7265625,0.02946381232557066,0.6375783023214285,-0.6081144899958579,0.39188831810219754,DOWN_BIAS,18,2.0,0.7501880720104596,252,False
2026-08-19,65326.421875,-1.331374317889434,1.5244197355691926,-2.8557940534586264,0.10224355983380787,DOWN_BIAS,17,3.0,0.7982332214671409,252,False
