date,expiry,type,strike,open_interest
2026-05-21,2026-06-12,C,59500,2715
2026-05-21,2026-06-12,P,59500,4858
2026-05-21,2026-06-12,C,60000,3356
2026-05-21,2026-06-12,P,60000,5388
2026-05-21,2026-06-12,C,60500,3382
2026-05-21,2026-06-12,P,60500,4131
2026-05-21,2026-06-12,C,61000,3555
2026-05-21,2026-06-12,P,61000,3902
2026-05-21,2026-06-12,C,61500,3652
2026-05-21,2026-06-12,P,61500,3603
2026-05-21,2026-06-12,C,62000,2593
2026-05-21,2026-06-12,P,62000,3610
2026-05-21,2026-06-12,C,62500,3431
2026-05-21,2026-06-12,P,62500,3430
2026-05-21,2026-06-12,C,63000,4457
2026-05-21,2026-06-12,P,63000,3523
2026-05-21,2026-06-12,C,63500,4149
2026-05-21,2026-06-12,P,63500,3394
2026-05-21,2026-06-12,C,64000,4626
2026-05-21,2026-06-12,P,64000,3617
2026-05-21,2026-06-12,C,64500,4969
2026-05-21,2026-06-12,P,64500,3393
2026-05-21,2026-06-12,C,65000,5958
2026-05-21,2026-06-12,P,65000,3182
2026-05-21,2026-06-12,C,65500,5759
2026-05-21,2026-06-12,P,65500,3452
2026-05-21,2026-06-12,C,66000,6286
2026-05-21,2026-06-12,P,66000,3836
2026-05-21,2026-06-12,C,66500,6674
2026-05-21,2026-06-12,P,66500,3877
2026-05-21,2026-06-12,C,67000,7759
2026-05-21,2026-06-12,P,67000,3978
2026-05-21,2026-06-12,C,67500,7751
2026-05-21,2026-06-12,P,67500,3019
2026-05-22,2026-06-12,C,59500,2506
2026-05-22,2026-06-12,P,59500,5499
2026-05-22,2026-06-12,C,60000,2910
2026-05-22,2026-06-12,P,60000,5234
2026-05-22,2026-06-12,C,60500,3439
2026-05-22,2026-06-12,P,60500,4105
2026-05-22,2026-06-12,C,61000,3386
2026-05-22,2026-06-12,P,61000,4445
2026-05-22,2026-06-12,C,61500,2717
2026-05-22,2026-06-12,P,61500,3887
2026-05-22,2026-06-12,C,62000,3549
2026-05-22,2026-06-12,P,62000,3199
2026-05-22,2026-06-12,C,62500,3033
2026-05-22,2026-06-12,P,62500,3763
2026-05-22,2026-06-12,C,63000,3651
2026-05-22,2026-06-12,P,63000,3545
2026-05-22,2026-06-12,C,63500,3904
2026-05-22,2026-06-12,P,63500,3118
2026-05-22,2026-06-12,C,64000,4604
2026-05-22,2026-06-12,P,64000,3433
2026-05-22,2026-06-12,C,64500,5444
2026-05-22,2026-06-12,P,64500,3588
2026-05-22,2026-06-12,C,65000,5722
2026-05-22,2026-06-12,P,65000,3261
2026-05-22,2026-06-12,C,65500,5907
2026-05-22,2026-06-12,P,65500,3110
2026-05-22,2026-06-12,C,66000,6543
2026-05-22,2026-06-12,P,66000,3629
2026-05-22,2026-06-12,C,66500,6352
2026-05-22,2026-06-12,P,66500,3667
2026-05-22,2026-06-12,C,67000,7117
2026-05-22,2026-06-12,P,67000,3516
2026-05-22,2026-06-12,C,67500,7199
2026-05-22,2026-06-12,P,67500,3333
2026-05-25,2026-06-12,C,59500,3643
2026-05-25,2026-06-12,P,59500,5642
2026-05-25,2026-06-12,C,60000,2773
2026-05-25,2026-06-12,P,60000,4571
2026-05-25,2026-06-12,C,60500,3219
2026-05-25,2026-06-12,P,60500,4220
2026-05-25,2026-06-12,C,61000,3170
2026-05-25,2026-06-12,P,61000,4094
2026-05-25,2026-06-12,C,61500,3256
2026-05-25,2026-06-12,P,61500,4225
2026-05-25,2026-06-12,C,62000,3251
2026-05-25,2026-06-12,P,62000,3317
2026-05-25,2026-06-12,C,62500,3555
2026-05-25,2026-06-12,P,62500,3320
2026-05-25,2026-06-12,C,63000,4105
2026-05-25,2026-06-12,P,63000,3013
2026-05-25,2026-06-12,C,63500,4481
2026-05-25,2026-06-12,P,63500,3580
2026-05-25,2026-06-12,C,64000,4561
2026-05-25,2026-06-12,P,64000,3725
2026-05-25,2026-06-12,C,64500,5775
2026-05-25,2026-06-12,P,64500,3842
2026-05-25,2026-06-12,C,65000,6074
2026-05-25,2026-06-12,P,65000,3720
2026-05-25,2026-06-12,C,65500,6235
2026-05-25,2026-06-12,P,65500,3180
2026-05-25,2026-06-12,C,66000,6945
2026-05-25,2026-06-12,P,66000,3134
2026-05-25,2026-06-12,C,66500,6320
2026-05-25,2026-06-12,P,66500,3795
2026-05-25,2026-06-12,C,67000,7382
2026-05-25,2026-06-12,P,67000,3566
2026-05-25,2026-06-12,C,67500,7381
2026-05-25,2026-06-12,P,67500,3127
2026-05-26,2026-06-12,C,59500,3488
2026-05-26,2026-06-12,P,59500,5590
2026-05-26,2026-06-12,C,60000,3633
2026-05-26,2026-06-12,P,60000,4839
2026-05-26,2026-06-12,C,60500,3372
2026-05-26,2026-06-12,P,60500,4829
2026-05-26,2026-06-12,C,61000,3569
2026-05-26,2026-06-12,P,61000,3827
2026-05-26,2026-06-12,C,61500,2802
2026-05-26,2026-06-12,P,61500,3393
2026-05-26,2026-06-12,C,62000,3393
2026-05-26,2026-06-12,P,62000,3772
2026-05-26,2026-06-12,C,62500,3357
2026-05-26,2026-06-12,P,62500,3439
2026-05-26,2026-06-12,C,63000,4306
2026-05-26,2026-06-12,P,63000,3256
2026-05-26,2026-06-12,C,63500,4597
2026-05-26,2026-06-12,P,63500,3843
2026-05-26,2026-06-12,C,64000,4865
2026-05-26,2026-06-12,P,64000,3411
2026-05-26,2026-06-12,C,64500,5747
2026-05-26,2026-06-12,P,64500,3934
2026-05-26,2026-06-12,C,65000,5692
2026-05-26,2026-06-12,P,65000,3267
2026-05-26,2026-06-12,C,65500,6206
2026-05-26,2026-06-12,P,65500,3517
2026-05-26,2026-06-12,C,66000,6774
2026-05-26,2026-06-12,P,66000,3741
2026-05-26,2026-06-12,C,66500,6480
2026-05-26,2026-06-12,P,66500,3724
2026-05-26,2026-06-12,C,67000,7177
2026-05-26,2026-06-12,P,67000,3614
2026-05-26,2026-06-12,C,67500,8095
2026-05-26,2026-06-12,P,67500,3685
2026-05-27,2026-06-12,C,59500,2805
2026-05-27,2026-06-12,P,59500,5355
2026-05-27,2026-06-12,C,60000,3147
2026-05-27,2026-06-12,P,60000,4664
2026-05-27,2026-06-12,C,60500,3586
2026-05-27,2026-06-12,P,60500,4838
2026-05-27,2026-06-12,C,61000,3262
2026-05-27,2026-06-12,P,61000,4376
2026-05-27,2026-06-12,C,61500,3699
2026-05-27,2026-06-12,P,61500,3678
2026-05-27,2026-06-12,C,62000,2570
2026-05-27,2026-06-12,P,62000,3458
2026-05-27,2026-06-12,C,62500,2977
2026-05-27,2026-06-12,P,62500,3755
2026-05-27,2026-06-12,C,63000,3615
2026-05-27,2026-06-12,P,63000,3278
2026-05-27,2026-06-12,C,63500,4724
2026-05-27,2026-06-12,P,63500,3477
2026-05-27,2026-06-12,C,64000,4646
2026-05-27,2026-06-12,P,64000,3415
2026-05-27,2026-06-12,C,64500,4679
2026-05-27,2026-06-12,P,64500,3392
2026-05-27,2026-06-12,C,65000,6135
2026-05-27,2026-06-12,P,65000,3014
2026-05-27,2026-06-12,C,65500,5867
2026-05-27,2026-06-12,P,65500,3832
2026-05-27,2026-06-12,C,66000,7045
2026-05-27,2026-06-12,P,66000,3761
2026-05-27,2026-06-12,C,66500,6952
2026-05-27,2026-06-12,P,66500,3750
2026-05-27,2026-06-12,C,67000,7739
2026-05-27,2026-06-12,P,67000,3162
2026-05-27,2026-06-12,C,67500,7169
2026-05-27,2026-06-12,P,67500,3741
2026-05-28,2026-06-12,C,59500,3227
2026-05-28,2026-06-12,P,59500,5644
2026-05-28,2026-06-12,C,60000,2657
2026-05-28,2026-06-12,P,60000,4818
2026-05-28,2026-06-12,C,60500,3259
2026-05-28,2026-06-12,P,60500,4147
2026-05-28,2026-06-12,C,61000,2709
2026-05-28,2026-06-12,P,61000,4336
2026-05-28,2026-06-12,C,61500,2726
2026-05-28,2026-06-12,P,61500,3633
2026-05-28,2026-06-12,C,62000,3279
2026-05-28,2026-06-12,P,62000,3207
2026-05-28,2026-06-12,C,62500,3709
2026-05-28,2026-06-12,P,62500,3549
2026-05-28,2026-06-12,C,63000,4417
2026-05-28,2026-06-12,P,63000,3219
2026-05-28,2026-06-12,C,63500,4139
2026-05-28,2026-06-12,P,63500,3967
2026-05-28,2026-06-12,C,64000,4390
2026-05-28,2026-06-12,P,64000,3401
2026-05-28,2026-06-12,C,64500,5555
2026-05-28,2026-06-12,P,64500,3627
2026-05-28,2026-06-12,C,65000,5688
2026-05-28,2026-06-12,P,65000,3725
2026-05-28,2026-06-12,C,65500,5495
2026-05-28,2026-06-12,P,65500,3741
2026-05-28,2026-06-12,C,66000,6748
2026-05-28,2026-06-12,P,66000,3843
2026-05-28,2026-06-12,C,66500,7415
2026-05-28,2026-06-12,P,66500,3097
2026-05-28,2026-06-12,C,67000,7770
2026-05-28,2026-06-12,P,67000,3772
2026-05-28,2026-06-12,C,67500,7840
2026-05-28,2026-06-12,P,67500,3246
2026-05-29,2026-06-12,C,59500,3432
2026-05-29,2026-06-12,P,59500,5750
2026-05-29,2026-06-12,C,60000,3239
2026-05-29,2026-06-12,P,60000,4938
2026-05-29,2026-06-12,C,60500,2775
2026-05-29,2026-06-12,P,60500,4395
2026-05-29,2026-06-12,C,61000,3000
2026-05-29,2026-06-12,P,61000,4534
2026-05-29,2026-06-12,C,61500,2713
2026-05-29,2026-06-12,P,61500,4067
2026-05-29,2026-06-12,C,62000,2573
2026-05-29,2026-06-12,P,62000,3238
2026-05-29,2026-06-12,C,62500,3804
2026-05-29,2026-06-12,P,62500,3457
2026-05-29,2026-06-12,C,63000,3783
2026-05-29,2026-06-12,P,63000,3551
2026-05-29,2026-06-12,C,63500,4689
2026-05-29,2026-06-12,P,63500,3271
2026-05-29,2026-06-12,C,64000,4396
2026-05-29,2026-06-12,P,64000,3245
2026-05-29,2026-06-12,C,64500,4607
2026-05-29,2026-06-12,P,64500,3573
2026-05-29,2026-06-12,C,65000,5134
2026-05-29,2026-06-12,P,65000,3855
2026-05-29,2026-06-12,C,65500,6109
2026-05-29,2026-06-12,P,65500,3731
2026-05-29,2026-06-12,C,66000,6978
2026-05-29,2026-06-12,P,66000,3786
2026-05-29,2026-06-12,C,66500,7416
2026-05-29,2026-06-12,P,66500,3117
2026-05-29,2026-06-12,C,67000,7860
2026-05-29,2026-06-12,P,67000,3047
2026-05-29,2026-06-12,C,67500,7647
2026-05-29,2026-06-12,P,67500,3985
2026-06-01,2026-06-12,C,59500,3062
2026-06-01,2026-06-12,P,59500,5262
2026-06-01,2026-06-12,C,60000,3590
2026-06-01,2026-06-12,P,60000,5132
2026-06-01,2026-06-12,C,60500,3053
2026-06-01,2026-06-12,P,60500,4929
2026-06-01,2026-06-12,C,61000,3535
2026-06-01,2026-06-12,P,61000,4540
2026-06-01,2026-06-12,C,61500,3654
2026-06-01,2026-06-12,P,61500,3612
2026-06-01,2026-06-12,C,62000,3039
2026-06-01,2026-06-12,P,62000,3398
2026-06-01,2026-06-12,C,62500,3365
2026-06-01,2026-06-12,P,62500,3467
2026-06-01,2026-06-12,C,63000,3537
2026-06-01,2026-06-12,P,63000,3837
2026-06-01,2026-06-12,C,63500,4848
2026-06-01,2026-06-12,P,63500,3868
2026-06-01,2026-06-12,C,64000,4492
2026-06-01,2026-06-12,P,64000,3565
2026-06-01,2026-06-12,C,64500,5051
2026-06-01,2026-06-12,P,64500,3057
2026-06-01,2026-06-12,C,65000,5067
2026-06-01,2026-06-12,P,65000,3773
2026-06-01,2026-06-12,C,65500,6052
2026-06-01,2026-06-12,P,65500,3000
2026-06-01,2026-06-12,C,66000,6750
2026-06-01,2026-06-12,P,66000,3931
2026-06-01,2026-06-12,C,66500,6711
2026-06-01,2026-06-12,P,66500,3394
2026-06-01,2026-06-12,C,67000,7042
2026-06-01,2026-06-12,P,67000,3864
2026-06-01,2026-06-12,C,67500,7454
2026-06-01,2026-06-12,P,67500,3297
2026-06-02,2026-06-12,C,59500,2978
2026-06-02,2026-06-12,P,59500,5179
2026-06-02,2026-06-12,C,60000,3099
2026-06-02,2026-06-12,P,60000,5134
2026-06-02,2026-06-12,C,60500,3390
2026-06-02,2026-06-12,P,60500,4882
2026-06-02,2026-06-12,C,61000,3221
2026-06-02,2026-06-12,P,61000,3769
2026-06-02,2026-06-12,C,61500,2546
2026-06-02,2026-06-12,P,61500,3665
2026-06-02,2026-06-12,C,62000,3557
2026-06-02,2026-06-12,P,62000,3991
2026-06-02,2026-06-12,C,62500,3306
2026-06-02,2026-06-12,P,62500,3501
2026-06-02,2026-06-12,C,63000,4182
2026-06-02,2026-06-12,P,63000,3446
2026-06-02,2026-06-12,C,63500,4442
2026-06-02,2026-06-12,P,63500,3340
2026-06-02,2026-06-12,C,64000,4928
2026-06-02,2026-06-12,P,64000,3486
2026-06-02,2026-06-12,C,64500,5389
2026-06-02,2026-06-12,P,64500,3362
2026-06-02,2026-06-12,C,65000,5810
2026-06-02,2026-06-12,P,65000,3249
2026-06-02,2026-06-12,C,65500,5500
2026-06-02,2026-06-12,P,65500,3564
2026-06-02,2026-06-12,C,66000,6892
2026-06-02,2026-06-12,P,66000,3523
2026-06-02,2026-06-12,C,66500,7383
2026-06-02,2026-06-12,P,66500,3658
2026-06-02,2026-06-12,C,67000,7012
2026-06-02,2026-06-12,P,67000,3024
2026-06-02,2026-06-12,C,67500,7197
2026-06-02,2026-06-12,P,67500,3328
2026-06-03,2026-06-12,C,59500,3284
2026-06-03,2026-06-12,P,59500,5518
2026-06-03,2026-06-12,C,60000,3264
2026-06-03,2026-06-12,P,60000,4582
2026-06-03,2026-06-12,C,60500,2546
2026-06-03,2026-06-12,P,60500,5046
2026-06-03,2026-06-12,C,61000,3175
2026-06-03,2026-06-12,P,61000,4541
2026-06-03,2026-06-12,C,61500,3059
2026-06-03,2026-06-12,P,61500,3426
2026-06-03,2026-06-12,C,62000,2552
2026-06-03,2026-06-12,P,62000,3902
2026-06-03,2026-06-12,C,62500,4038
2026-06-03,2026-06-12,P,62500,3307
2026-06-03,2026-06-12,C,63000,3935
2026-06-03,2026-06-12,P,63000,3714
2026-06-03,2026-06-12,C,63500,4162
2026-06-03,2026-06-12,P,63500,3178
2026-06-03,2026-06-12,C,64000,4306
2026-06-03,2026-06-12,P,64000,3429
2026-06-03,2026-06-12,C,64500,4846
2026-06-03,2026-06-12,P,64500,3935
2026-06-03,2026-06-12,C,65000,5282
2026-06-03,2026-06-12,P,65000,3222
2026-06-03,2026-06-12,C,65500,6462
2026-06-03,2026-06-12,P,65500,3754
2026-06-03,2026-06-12,C,66000,6413
2026-06-03,2026-06-12,P,66000,3608
2026-06-03,2026-06-12,C,66500,6597
2026-06-03,2026-06-12,P,66500,3112
2026-06-03,2026-06-12,C,67000,7732
2026-06-03,2026-06-12,P,67000,3634
2026-06-03,2026-06-12,C,67500,7325
2026-06-03,2026-06-12,P,67500,3995
2026-06-04,2026-06-12,C,59500,2884
2026-06-04,2026-06-12,P,59500,4895
2026-06-04,2026-06-12,C,60000,3248
2026-06-04,2026-06-12,P,60000,5184
2026-06-04,2026-06-12,C,60500,3174
2026-06-04,2026-06-12,P,60500,4112
2026-06-04,2026-06-12,C,61000,3389
2026-06-04,2026-06-12,P,61000,4637
2026-06-04,2026-06-12,C,61500,2852
2026-06-04,2026-06-12,P,61500,3715
2026-06-04,2026-06-12,C,62000,3460
2026-06-04,2026-06-12,P,62000,3211
2026-06-04,2026-06-12,C,62500,3412
2026-06-04,2026-06-12,P,62500,3763
2026-06-04,2026-06-12,C,63000,3849
2026-06-04,2026-06-12,P,63000,3297
2026-06-04,2026-06-12,C,63500,4703
2026-06-04,2026-06-12,P,63500,3689
2026-06-04,2026-06-12,C,64000,4930
2026-06-04,2026-06-12,P,64000,3133
2026-06-04,2026-06-12,C,64500,5328
2026-06-04,2026-06-12,P,64500,3135
2026-06-04,2026-06-12,C,65000,5667
2026-06-04,2026-06-12,P,65000,3912
2026-06-04,2026-06-12,C,65500,6184
2026-06-04,2026-06-12,P,65500,3964
2026-06-04,2026-06-12,C,66000,6170
2026-06-04,2026-06-12,P,66000,3909
2026-06-04,2026-06-12,C,66500,7170
2026-06-04,2026-06-12,P,66500,3004
2026-06-04,2026-06-12,C,67000,6880
2026-06-04,2026-06-12,P,67000,3211
2026-06-04,2026-06-12,C,67500,8049
2026-06-04,2026-06-12,P,67500,3806
2026-06-05,2026-06-12,C,59500,3290
2026-06-05,2026-06-12,P,59500,5683
2026-06-05,2026-06-12,C,60000,2982
2026-06-05,2026-06-12,P,60000,4512
2026-06-05,2026-06-12,C,60500,3618
2026-06-05,2026-06-12,P,60500,4190
2026-06-05,2026-06-12,C,61000,3148
2026-06-05,2026-06-12,P,61000,4041
2026-06-05,2026-06-12,C,61500,3622
2026-06-05,2026-06-12,P,61500,3631
2026-06-05,2026-06-12,C,62000,3503
2026-06-05,2026-06-12,P,62000,3685
2026-06-05,2026-06-12,C,62500,4032
2026-06-05,2026-06-12,P,62500,3362
2026-06-05,2026-06-12,C,63000,3494
2026-06-05,2026-06-12,P,63000,3963
2026-06-05,2026-06-12,C,63500,4308
2026-06-05,2026-06-12,P,63500,3493
2026-06-05,2026-06-12,C,64000,4839
2026-06-05,2026-06-12,P,64000,3065
2026-06-05,2026-06-12,C,64500,4626
2026-06-05,2026-06-12,P,64500,3937
2026-06-05,2026-06-12,C,65000,6020
2026-06-05,2026-06-12,P,65000,3009
2026-06-05,2026-06-12,C,65500,6320
2026-06-05,2026-06-12,P,65500,3829
2026-06-05,2026-06-12,C,66000,6579
2026-06-05,2026-06-12,P,66000,3364
2026-06-05,2026-06-12,C,66500,7419
2026-06-05,2026-06-12,P,66500,3202
2026-06-05,2026-06-12,C,67000,7537
2026-06-05,2026-06-12,P,67000,3119
2026-06-05,2026-06-12,C,67500,7869
2026-06-05,2026-06-12,P,67500,3460
2026-06-08,2026-06-12,C,59500,3219
2026-06-08,2026-06-12,P,59500,4826
2026-06-08,2026-06-12,C,60000,3434
2026-06-08,2026-06-12,P,60000,4729
2026-06-08,2026-06-12,C,60500,2879
2026-06-08,2026-06-12,P,60500,4550
2026-06-08,2026-06-12,C,61000,3632
2026-06-08,2026-06-12,P,61000,4115
2026-06-08,2026-06-12,C,61500,2819
2026-06-08,2026-06-12,P,61500,4256
2026-06-08,2026-06-12,C,62000,2888
2026-06-08,2026-06-12,P,62000,3347
2026-06-08,2026-06-12,C,62500,4093
2026-06-08,2026-06-12,P,62500,3492
2026-06-08,2026-06-12,C,63000,3352
2026-06-08,2026-06-12,P,63000,3000
2026-06-08,2026-06-12,C,63500,4730
2026-06-08,2026-06-12,P,63500,3605
2026-06-08,2026-06-12,C,64000,4984
2026-06-08,2026-06-12,P,64000,3682
2026-06-08,2026-06-12,C,64500,5236
2026-06-08,2026-06-12,P,64500,3265
2026-06-08,2026-06-12,C,65000,6189
2026-06-08,2026-06-12,P,65000,3815
2026-06-08,2026-06-12,C,65500,6079
2026-06-08,2026-06-12,P,65500,3919
2026-06-08,2026-06-12,C,66000,6225
2026-06-08,2026-06-12,P,66000,3893
2026-06-08,2026-06-12,C,66500,6926
2026-06-08,2026-06-12,P,66500,3090
2026-06-08,2026-06-12,C,67000,7415
2026-06-08,2026-06-12,P,67000,3202
2026-06-08,2026-06-12,C,67500,7843
2026-06-08,2026-06-12,P,67500,3992
2026-06-09,2026-06-12,C,59500,2976
2026-06-09,2026-06-12,P,59500,5449
2026-06-09,2026-06-12,C,60000,2915
2026-06-09,2026-06-12,P,60000,5117
2026-06-09,2026-06-12,C,60500,3016
2026-06-09,2026-06-12,P,60500,4100
2026-06-09,2026-06-12,C,61000,3269
2026-06-09,2026-06-12,P,61000,3804
2026-06-09,2026-06-12,C,61500,3161
2026-06-09,2026-06-12,P,61500,3536
2026-06-09,2026-06-12,C,62000,3520
2026-06-09,2026-06-12,P,62000,3436
2026-06-09,2026-06-12,C,62500,3498
2026-06-09,2026-06-12,P,62500,3469
2026-06-09,2026-06-12,C,63000,3754
2026-06-09,2026-06-12,P,63000,3039
2026-06-09,2026-06-12,C,63500,4431
2026-06-09,2026-06-12,P,63500,3608
2026-06-09,2026-06-12,C,64000,5341
2026-06-09,2026-06-12,P,64000,3715
2026-06-09,2026-06-12,C,64500,4678
2026-06-09,2026-06-12,P,64500,3226
2026-06-09,2026-06-12,C,65000,5067
2026-06-09,2026-06-12,P,65000,3724
2026-06-09,2026-06-12,C,65500,5584
2026-06-09,2026-06-12,P,65500,3787
2026-06-09,2026-06-12,C,66000,6500
2026-06-09,2026-06-12,P,66000,3316
2026-06-09,2026-06-12,C,66500,7070
2026-06-09,2026-06-12,P,66500,3613
2026-06-09,2026-06-12,C,67000,7103
2026-06-09,2026-06-12,P,67000,3371
2026-06-09,2026-06-12,C,67500,7384
2026-06-09,2026-06-12,P,67500,3493
2026-06-10,2026-06-12,C,59500,3146
2026-06-10,2026-06-12,P,59500,5240
2026-06-10,2026-06-12,C,60000,2983
2026-06-10,2026-06-12,P,60000,4745
2026-06-10,2026-06-12,C,60500,3353
2026-06-10,2026-06-12,P,60500,4586
2026-06-10,2026-06-12,C,61000,3112
2026-06-10,2026-06-12,P,61000,3983
2026-06-10,2026-06-12,C,61500,3356
2026-06-10,2026-06-12,P,61500,3938
2026-06-10,2026-06-12,C,62000,3504
2026-06-10,2026-06-12,P,62000,3347
2026-06-10,2026-06-12,C,62500,3348
2026-06-10,2026-06-12,P,62500,3843
2026-06-10,2026-06-12,C,63000,4521
2026-06-10,2026-06-12,P,63000,3081
2026-06-10,2026-06-12,C,63500,3827
2026-06-10,2026-06-12,P,63500,3123
2026-06-10,2026-06-12,C,64000,4924
2026-06-10,2026-06-12,P,64000,3433
2026-06-10,2026-06-12,C,64500,4632
2026-06-10,2026-06-12,P,64500,3760
2026-06-10,2026-06-12,C,65000,5653
2026-06-10,2026-06-12,P,65000,3606
2026-06-10,2026-06-12,C,65500,6249
2026-06-10,2026-06-12,P,65500,3945
2026-06-10,2026-06-12,C,66000,6171
2026-06-10,2026-06-12,P,66000,3565
2026-06-10,2026-06-12,C,66500,7196
2026-06-10,2026-06-12,P,66500,3529
2026-06-10,2026-06-12,C,67000,7874
2026-06-10,2026-06-12,P,67000,3156
2026-06-10,2026-06-12,C,67500,7752
2026-06-10,2026-06-12,P,67500,3971
2026-06-11,2026-06-12,C,59500,2685
2026-06-11,2026-06-12,P,59500,5729
2026-06-11,2026-06-12,C,60000,2997
2026-06-11,2026-06-12,P,60000,4848
2026-06-11,2026-06-12,C,60500,2728
2026-06-11,2026-06-12,P,60500,4975
2026-06-11,2026-06-12,C,61000,2760
2026-06-11,2026-06-12,P,61000,3906
2026-06-11,2026-06-12,C,61500,2621
2026-06-11,2026-06-12,P,61500,3964
2026-06-11,2026-06-12,C,62000,2876
2026-06-11,2026-06-12,P,62000,3940
2026-06-11,2026-06-12,C,62500,4025
2026-06-11,2026-06-12,P,62500,3239
2026-06-11,2026-06-12,C,63000,3789
2026-06-11,2026-06-12,P,63000,3455
2026-06-11,2026-06-12,C,63500,3863
2026-06-11,2026-06-12,P,63500,3772
2026-06-11,2026-06-12,C,64000,5177
2026-06-11,2026-06-12,P,64000,3716
2026-06-11,2026-06-12,C,64500,4773
2026-06-11,2026-06-12,P,64500,3350
2026-06-11,2026-06-12,C,65000,5169
2026-06-11,2026-06-12,P,65000,3119
2026-06-11,2026-06-12,C,65500,5492
2026-06-11,2026-06-12,P,65500,3165
2026-06-11,2026-06-12,C,66000,6914
2026-06-11,2026-06-12,P,66000,3213
2026-06-11,2026-06-12,C,66500,7058
2026-06-11,2026-06-12,P,66500,3700
2026-06-11,2026-06-12,C,67000,7314
2026-06-11,2026-06-12,P,67000,3103
2026-06-11,2026-06-12,C,67500,7194
2026-06-11,2026-06-12,P,67500,3336
2026-06-12,2026-06-12,C,59500,3405
2026-06-12,2026-06-12,P,59500,5266
2026-06-12,2026-06-12,C,60000,3168
2026-06-12,2026-06-12,P,60000,4633
2026-06-12,2026-06-12,C,60500,2542
2026-06-12,2026-06-12,P,60500,4255
2026-06-12,2026-06-12,C,61000,3510
2026-06-12,2026-06-12,P,61000,4035
2026-06-12,2026-06-12,C,61500,2899
2026-06-12,2026-06-12,P,61500,3495
2026-06-12,2026-06-12,C,62000,2858
2026-06-12,2026-06-12,P,62000,3659
2026-06-12,2026-06-12,C,62500,4097
2026-06-12,2026-06-12,P,62500,3208
2026-06-12,2026-06-12,C,63000,3796
2026-06-12,2026-06-12,P,63000,3523
2026-06-12,2026-06-12,C,63500,4709
2026-06-12,2026-06-12,P,63500,3076
2026-06-12,2026-06-12,C,64000,4278
2026-06-12,2026-06-12,P,64000,3681
2026-06-12,2026-06-12,C,64500,5616
2026-06-12,2026-06-12,P,64500,3628
2026-06-12,2026-06-12,C,65000,5032
2026-06-12,2026-06-12,P,65000,3413
2026-06-12,2026-06-12,C,65500,6070
2026-06-12,2026-06-12,P,65500,3787
2026-06-12,2026-06-12,C,66000,6101
2026-06-12,2026-06-12,P,66000,3908
2026-06-12,2026-06-12,C,66500,6464
2026-06-12,2026-06-12,P,66500,3213
2026-06-12,2026-06-12,C,67000,6740
2026-06-12,2026-06-12,P,67000,3091
2026-06-12,2026-06-12,C,67500,7520
2026-06-12,2026-06-12,P,67500,3833
