date,nikkei_close,nikkei_prev_close,topix_close,topix_prev_close,nikkei_atr,futures_close,advancers_ratio,nikkei_return,topix_return,nikkei_topix_gap,basis,basis_atr,total_abs_contribution,contribution_trend,top_contribution,top_abs_contribution,contribution_concentration,call_magnet,put_magnet,total_option_magnet,option_bias,next_sq_date,previous_sq_date,days_to_sq,days_after_sq,time_pressure,post_sq_flag,breadth_divergence,index_distortion,basis_score,sq_up_pressure,sq_down_risk,p_up,signal
2026-05-13,63272.109375,62742.5703125,3163.60546875,3137.128515625,1078.1302083333333,63272.109375,0.6666666666666666,0.00843986881414871,0.00843986881414871,0.0,0.0,0.0,9711.7,0.0,3496.7,9541.7,0.9824953406715611,11176.740952084729,10602.303669484198,40546.00656587797,574.437282600531,2026-06-12,,22,,0.0,0,-0.7758707797232661,-1.1762082230759212,0.0,-0.3335687879160954,0.04024078837473519,0.41103461458632096,NEUTRAL
2026-05-14,62654.05078125,63272.109375,3132.7025390625,3163.60546875,1078.1302083333333,62654.05078125,0.4,-0.009768262823148577,-0.009768262823148577,0.0,0.0,0.0,10697.3,0.0,-8166.8,10424.8,0.9745262823329252,9788.64288390445,12102.971685138134,40789.88821129676,-2314.328801233685,2026-06-12,,21,,0.0,0,0.4944314398080465,-1.0297675654041596,0.0,-0.5281525272658069,0.22506672239020117,0.3440668253202679,DOWN_BIAS
2026-05-15,61409.2890625,62654.05078125,3070.464453125,3132.7025390625,1383.21484375,61409.2890625,0.3333333333333333,-0.01986721853142348,-0.01986721853142348,0.0,0.0,0.0,13654.4,0.0,-11060.9,13370.9,0.9792374619170378,16374.069807694124,12500.844659886076,53128.04968559627,3873.225147808049,2026-06-12,,20,,0.0,0,0.8064600718919243,-0.03246667670264569,0.0,0.010994596718790266,-0.007670611434542795,0.49108377145112375,NEUTRAL
2026-05-18,60815.94921875,61409.2890625,3040.7974609375,3070.464453125,1326.8859375,60815.94921875,0.2,-0.009662053621010358,-0.009662053621010358,0.0,0.0,0.0,15611.7,0.0,-511.50000000000045,15299.5,0.9800021778537891,14550.660585162843,12869.66283610939,50492.64128130536,1680.997749053453,2026-06-12,,19,,0.0,0,1.4609204123866424,0.721382237361835,0.0,-0.0766821210848196,0.2125755049973192,0.43699816753090953,NEUTRAL
2026-05-19,60550.58984375,60815.94921875,3027.5294921875,3040.7974609375,1305.7350260416667,60550.58984375,0.5333333333333333,-0.00436331880713603,-0.004363318807135919,-1.1102230246251565e-16,0.0,0.0,19934.2,0.0,444.3000000000002,19838.7,0.9952092383943173,11254.052994954232,16055.004892020086,50469.14646055348,-4800.951897065854,2026-06-12,,18,,0.0,0,-0.1444187917602459,0.050036942144816965,0.0,-0.6066287721014445,0.5028560232335558,0.2905960666043481,DOWN_BIAS
2026-05-20,59804.41015625,60550.58984375,2990.2205078125,3027.5294921875,1301.3470982142858,59804.41015625,0.3333333333333333,-0.012323243909357573,-0.012323243909357684,1.1102230246251565e-16,0.0,0.0,8655.9,-0.02780107560478231,1288.8999999999999,8496.9,0.9816310262364398,14118.887949264114,12715.697725977741,49462.462120733595,1403.1902232863722,2026-06-12,,17,,0.0,0,0.8140040465139902,1.5506391091997345,0.0,-0.22220708015570353,0.5008785363775974,0.3625191199807731,DOWN_BIAS
2026-05-21,61684.140625,59804.41015625,3084.20703125,2990.2205078125,1418.56884765625,61684.140625,0.6666666666666666,0.03143130186952536,0.03143130186952536,0.0,0.0,0.0,19194.7,0.0073534796559648515,11057.199999999999,19011.2,0.9904400693941556,13868.767094457648,15583.963005357777,54038.076336857834,-1715.195910900129,2026-06-12,,16,,0.0,0,-0.7528793466678895,-0.03762527995214415,0.0,-0.33869067990806245,0.26926153606157066,0.37451228661795805,DOWN_BIAS
2026-05-22,63339.0703125,61684.140625,3166.953515625,3084.20703125,1455.2022569444443,63339.0703125,0.9333333333333332,0.02682909530280897,0.02682909530280897,0.0,0.0,0.0,13123.5,0.060779993795911404,12804.5,12804.5,0.975692460090677,16279.346338152845,14014.60852998282,55516.91788241674,2264.7378081700263,2026-06-12,,15,,0.0,0,-2.0459919044032158,-3.439659829504036,0.0,0.020607072659300674,-0.7085795586165777,0.6054181368922631,UP_BIAS
2026-05-25,65158.19140625,63339.0703125,3257.9095703125,3166.953515625,1516.662109375,65158.19140625,0.7333333333333333,0.02872036303619363,0.02872036303619363,0.0,0.0,0.0,19823.5,0.09640585183831571,17147.0,19617.0,0.9895830705980276,14643.402074187547,16997.52661908092,57853.888771588674,-2354.1245448933732,2026-06-12,,14,,0.0,0,-1.0777178732933737,-0.4825719400650297,0.0,0.22364050637434313,-0.29086426560056117,0.581554053895182,NEUTRAL
2026-05-26,64996.08984375,65158.19140625,3249.8044921875,3257.9095703125,1443.5110085227273,64996.08984375,0.2,-0.002487815560891282,-0.002487815560891282,0.0,0.0,0.0,13983.0,0.08589398534250285,-6687.5,13853.5,0.9907387542015305,18209.72463206509,12300.713204296868,56136.19989907725,5909.0114277682205,2026-06-12,,13,,0.0,0,1.4680946504467616,2.260073251734483,0.0,0.9986035848882462,-0.36216797914951615,0.7377336446651613,UP_BIAS
2026-05-27,64999.41015625,64996.08984375,3249.9705078125,3249.8044921875,1442.6119791666667,64999.41015625,0.6,5.1084803839529513e-05,5.1084803839529513e-05,0.0,0.0,0.0,14701.0,0.09586686370129446,7370.0,14451.0,0.9829943541255697,18244.552634446703,12259.685148822131,56134.97237024963,5984.8674856245725,2026-06-12,,12,,0.0,0,-0.4621319759414228,-0.782565517906932,0.0,0.7928669038481352,-0.805848325425516,0.7590975620785447,UP_BIAS
2026-05-28,64693.12109375,64999.41015625,3234.6560546875,3249.9705078125,1430.9272836538462,64693.12109375,0.5333333333333333,-0.0047121821838648215,-0.0047121821838648215,0.0,0.0,0.0,6615.2,0.06347106220968952,-1274.5,6427.7,0.971656185754021,14101.046283885702,15614.549992139579,54489.47578889988,-1513.5037082538765,2026-06-12,,11,,0.0,0,-0.1447676551369747,-2.085344904898796,0.0,-0.10572054947890455,-0.33850390847674083,0.5200305424237223,NEUTRAL
2026-05-29,66329.5,64693.12109375,3316.475,3234.6560546875,1458.139787946429,66329.5,0.8,0.025294480751340442,0.025294480751340442,0.0,0.0,0.0,17690.6,0.06894278509058074,16046.199999999999,17494.6,0.9889206697342091,16194.914624792738,14148.815129672746,55594.855345529904,2046.0994951199918,2026-06-12,,10,,0.0,0,-1.4032713433703798,-0.8996301858303507,0.0,0.3014964123874876,-0.4295116871666661,0.6190350567598487,UP_BIAS
2026-06-01,66934.328125,66329.5,3346.71640625,3316.475,1452.8794642857142,66934.328125,0.4,0.009118538885412919,0.009118538885413141,-2.220446049250313e-16,0.0,0.0,18281.8,0.040959583069326566,2281.0,18067.0,0.988250609896181,17473.209523498583,13004.294346190723,55954.11942927269,4468.915177307859,2026-06-12,,9,,0.0,0,0.513318241516608,-1.5430467313350096,0.0,0.21187683711775201,-0.4791241568919449,0.6086225890912234,UP_BIAS
2026-06-02,66734.2421875,66934.328125,3336.712109375,3346.71640625,1478.1763392857142,66734.2421875,0.3333333333333333,-0.0029892873074984783,-0.0029892873074984783,0.0,0.0,0.0,11593.4,0.060704043409685327,3570.3,11336.3,0.9778235892835578,15065.047887507122,15656.51044354454,56224.64722537248,-591.462556037417,2026-06-12,,8,,0.0,0,0.8233380031158493,-0.235093011778314,0.0,0.11325141099412968,-0.14459023711853167,0.5350044809731261,NEUTRAL
2026-06-03,68402.1328125,66734.2421875,3420.106640625,3336.712109375,1542.960658482143,68402.1328125,0.8,0.02499302562414374,0.02499302562414374,0.0,0.0,0.0,22194.2,0.0737065047026418,12809.7,21905.7,0.9870011083976895,18042.051016374637,14295.544729487245,59126.50174581529,3746.506286887392,2026-06-12,,7,,0.0,0,-1.4035727984975765,-1.1747282882772452,0.0,0.4331691000940331,-0.5907856530586635,0.6686763368119156,UP_BIAS
2026-06-04,67470.6875,68402.1328125,3373.534375,3420.106640625,1484.594029017857,67470.6875,0.3333333333333333,-0.013617196923569996,-0.013617196923569996,0.0,0.0,0.0,11706.9,0.0812982437609374,2803.5999999999995,11548.4,0.9864609760056036,18305.28542448576,12988.05374509483,57437.22014982471,5317.231679390929,2026-06-12,,6,,0.0,0,0.8127100934997777,1.0027568303335244,0.0,0.8050479169543764,-0.4565595122306131,0.7172891539303442,UP_BIAS
2026-06-05,66588.1171875,67470.6875,3329.405859375,3373.534375,1520.801618303571,66588.1171875,0.4,-0.013080796197608047,-0.013080796197608047,0.0,0.0,0.0,11558.0,0.02981606513580006,-8884.7,11501.5,0.9951116110053643,13959.75871455231,17924.563833304797,58356.57902380096,-3964.805118752487,2026-06-12,,5,,0.0,0,0.491118906433587,1.9203777351369138,0.0,-0.1541762668360043,0.5060587274900874,0.37519633869112345,DOWN_BIAS
2026-06-08,64024.6015625,66588.1171875,3201.230078125,3329.405859375,1662.335658482143,64024.6015625,0.2666666666666666,-0.03849809445402408,-0.03849809445402408,0.0,0.0,0.0,20732.9,-0.015711508513488546,-19731.4,20379.4,0.9829498044171341,14826.76731399492,20266.732399403765,64003.79239258845,-5439.965085408845,2026-06-12,,4,,0.19999999999999996,0,1.1099567837614763,0.8216878684886,0.0,-0.6753378827063715,0.7312949394586765,0.2498562858730678,DOWN_BIAS
2026-06-09,65416.62890625,64024.6015625,3270.8314453125,3201.230078125,1683.1342075892858,65416.62890625,0.6,0.021742069607276315,0.021742069607276093,2.220446049250313e-16,0.0,0.0,17337.5,0.0037245962417478276,12598.9,17230.9,0.9938514780100938,19736.289995842304,15622.948171588007,64358.97899804722,4113.3418242542975,2026-06-12,,3,,0.4,0,-0.440440991137986,3.253555309825464,0.0,0.4021932027654823,0.3647698995435906,0.5136875262592459,NEUTRAL
2026-06-10,64179.26953125,65416.62890625,3208.9634765625,3270.8314453125,1643.453404017857,64179.26953125,0.5333333333333333,-0.018915058689026765,-0.018915058689026654,-1.1102230246251565e-16,0.0,0.0,15690.5,-0.026155664074486485,-3253.0,15443.0,0.9842261240878238,16203.806089964048,18137.903708408823,62506.476569734696,-1934.0976184447754,2026-06-12,,2,,0.6,0,-0.15897053164213665,-1.523986167818376,0.0,-0.6777592816448315,0.300707372228631,0.30543363781457933,DOWN_BIAS
2026-06-11,64217.26953125,64179.26953125,3210.8634765625,3208.9634765625,1665.702008928571,64217.26953125,0.2666666666666666,0.0005920915005350746,0.0005920915005350746,0.0,0.0,0.0,9777.7,-0.027442878491008512,3277.7999999999993,9545.8,0.9762827658856376,16843.42242106602,17933.803877014558,63241.62130572858,-1090.3814559485363,2026-06-12,,1,,0.8,0,1.1490469697160355,-0.1337854545365711,0.0,-0.47657344710314514,0.4328855658819026,0.3237780614966627,DOWN_BIAS
2026-06-12,66602.28125,64217.26953125,3330.1140625,3210.8634765625,1721.3353794642858,66602.28125,0.7333333333333333,0.03713972481482397,0.03713972481482375,2.220446049250313e-16,0.0,0.0,30286.0,0.04575380677657816,29571.5,30181.5,0.9965495608531995,16209.024281745993,19907.25600231935,65634.61824367453,-3698.231720573358,2026-06-12,,0,,1.0,0,-1.0692985115147433,2.9959704928599997,0.0,0.18174985139911218,0.5276102791320076,0.4406660649778601,NEUTRAL
